"Ticker symbol","Company","SEC filings","GICS Sector","GICS Sub Industry","Address of Headquarters"
"MMM","3M Co.","reports","Industrials","Industrial Conglomerates","St Paul, Minnesota"
"ABT","Abbott Laboratories","reports","Health Care","Health Care Equipment & Services","North Chicago, Illinois"
"ABBV","AbbVie","reports","Health Care","Pharmaceuticals","North Chicago, Illinois"
"ANF","Abercrombie & Fitch Company A","reports","Consumer Discretionary","Apparel, Accessories & Luxury Goods","New Albany, Ohio"
"ACE","ACE Limited","reports","Financials","Property & Casualty Insurance","Zurich, Switzerland"
"ACN","Accenture","reports","Information Technology","IT Consulting & Services","Dublin, Ireland"
"ACT","Actavis Inc","reports","Health Care","Pharmaceuticals","Parsippany, New Jersey"
"ADBE","Adobe Systems Inc","reports","Information Technology","Application Software","San Jose, California"
"ADT","ADT Corp","reports","Industrials","Diversified Commercial Services","Boca Raton, Florida"
"AMD","Advanced Micro Devices","reports","Information Technology","Semiconductors","Sunnyvale, California"
"AES","AES Corp","reports","Utilities","Electric Utilities","Arlington, Virginia"
"AET","Aetna Inc","reports","Health Care","Managed Health Care","Hartford, Connecticut"
"AFL","AFLAC Inc","reports","Financials","Life & Health Insurance","Columbus, Georgia"
"A","Agilent Technologies Inc","reports","Health Care","Health Care Equipment & Services","Santa Clara, California"
"GAS","AGL Resources Inc.","reports","Utilities","Gas Utilities","Atlanta, Georgia"
"APD","Air Products & Chemicals Inc","reports","Materials","Industrial Gases","Allentown, Pennsylvania"
"ARG","Airgas Inc","reports","Materials","Industrial Gases","Radnor, Pennsylvania"
"AKAM","Akamai Technologies Inc","reports","Information Technology","Internet Software & Services","Cambridge, Massachusetts"
"AA","Alcoa Inc","reports","Materials","Aluminum","New York, New York"
"ALXN","Alexion Pharmaceuticals","reports","Health Care","Biotechnology","Cheshire, Connecticut"
"ATI","Allegheny Technologies Inc","reports","Materials","Diversified Metals & Mining","Pittsburgh, Pennsylvania"
"AGN","Allergan Inc","reports","Health Care","Pharmaceuticals","Irvine, California"
"ALL","Allstate Corp","reports","Financials","Property & Casualty Insurance","Northfield Township, Illinois"
"ALTR","Altera Corp","reports","Information Technology","Semiconductors","San Jose, California"
"MO","Altria Group Inc","reports","Consumer Staples","Tobacco","Richmond, Virginia"
"AMZN","Amazon.com Inc","reports","Consumer Discretionary","Internet Retail","Seattle, Washington"
"AEE","Ameren Corp","reports","Utilities","Multi-Utilities & Unregulated Power","St. Louis, Missouri"
"AEP","American Electric Power","reports","Utilities","Electric Utilities","Columbus, Ohio"
"AXP","American Express Co","reports","Financials","Consumer Finance","New York, New York"
"AIG","American Intl Group Inc","reports","Financials","Property & Casualty Insurance","New York, New York"
"AMT","American Tower Corp A","reports","Financials","REITs","Boston, Massachusetts"
"AMP","Ameriprise Financial","reports","Financials","Diversified Financial Services","Minneapolis, Minnesota"
"ABC","AmerisourceBergen Corp","reports","Health Care","Health Care Distribution & Services","Chesterbrook, Pennsylvania"
"AMGN","Amgen Inc","reports","Health Care","Biotechnology","Thousand Oaks, California"
"APH","Amphenol Corp A","reports","Industrials","Electrical Components & Equipment","Wallingford, Connecticut"
"APC","Anadarko Petroleum Corp","reports","Energy","Oil & Gas Exploration & Production","The Woodlands, Texas"
"ADI","Analog Devices Inc","reports","Information Technology","Semiconductors","Norwood, Massachusetts"
"AON","Aon plc","reports","Financials","Insurance Brokers","London, United Kingdom"
"APA","Apache Corporation","reports","Energy","Oil & Gas Exploration & Production","Houston, Texas"
"AIV","Apartment Investment & Mgmt","reports","Financials","REITs","Denver, Colorado"
"APOL","Apollo Group Inc","reports","Consumer Discretionary","Education","Phoenix, Arizona"
"AAPL","Apple Inc.","reports","Information Technology","Computer Hardware","Cupertino, California"
"AMAT","Applied Materials Inc","reports","Information Technology","Semiconductor Equipment","Santa Clara, California"
"ADM","Archer-Daniels-Midland Co","reports","Consumer Staples","Agricultural Products","Decatur, Illinois"
"AIZ","Assurant Inc","reports","Financials","Multi-line Insurance","New York, New York"
"T","AT&T Inc","reports","Telecommunications Services","Integrated Telecommunications Services","Dallas, Texas"
"ADSK","Autodesk Inc","reports","Information Technology","Application Software","San Rafael, California"
"ADP","Automatic Data Processing","reports","Information Technology","Internet Software & Services","Roseland, New Jersey"
"AN","AutoNation Inc","reports","Consumer Discretionary","Specialty Stores","Fort Lauderdale, Florida"
"AZO","AutoZone Inc","reports","Consumer Discretionary","Specialty Stores","Memphis, Tennessee"
"AVB","AvalonBay Communities, Inc.","reports","Financials","REITs","Arlington, Virginia [1]"
"AVY","Avery Dennison Corp","reports","Industrials","Office Services & Supplies","Pasadena, California"
"AVP","Avon Products","reports","Consumer Staples","Personal Products","New York, New York"
"BHI","Baker Hughes Inc","reports","Energy","Oil & Gas Equipment & Services","Houston, Texas"
"BLL","Ball Corp","reports","Materials","Metal & Glass Containers","Broomfield, Colorado"
"BAC","Bank of America Corp","reports","Financials","Banks","Charlotte, North Carolina"
"BK","The Bank of New York Mellon Corp.","reports","Financials","Banks","New York, New York"
"BCR","Bard (C.R.) Inc.","reports","Health Care","Health Care Equipment & Services","Murray Hill, New Jersey"
"BAX","Baxter International Inc.","reports","Health Care","Health Care Equipment & Services","Deerfield, Illinois"
"BBT","BB&T Corporation","reports","Financials","Banks","Winston-Salem, North Carolina"
"BEAM","Beam Inc.","reports","Consumer Staples","Distillers & Vintners","Deerfield, Illinois"
"BDX","Becton Dickinson","reports","Health Care","Health Care Equipment & Services","Franklin Lakes, New Jersey"
"BBBY","Bed Bath & Beyond","reports","Consumer Discretionary","Specialty Stores","Union, New Jersey"
"BMS","Bemis Company","reports","Materials","Paper Packaging","Neenah, Wisconsin"
"BRK.B","Berkshire Hathaway","reports","Financials","Multi-Sector Holdings","Omaha, Nebraska"
"BBY","Best Buy Co. Inc.","reports","Consumer Discretionary","Computer & Electronics Retail","Richfield, Minnesota"
"BIIB","BIOGEN IDEC Inc.","reports","Health Care","Biotechnology","Weston, Massachusetts"
"BLK","BlackRock","reports","Financials","Diversified Financial Services","New York, New York"
"HRB","Block H&R","reports","Financials","Consumer Finance","Kansas City, Missouri"
"BMC","BMC Software","reports","Information Technology","IT Consulting & Services","Houston, Texas"
"BA","Boeing Company","reports","Industrials","Aerospace & Defense","Chicago, Illinois"
"BWA","BorgWarner","reports","Consumer Discretionary","Auto Parts & Equipment","Auburn Hills, Michigan"
"BXP","Boston Properties","reports","Financials","REITs","Boston, Massachusetts"
"BSX","Boston Scientific","reports","Health Care","Health Care Equipment & Services","Natick, Massachusetts"
"BMY","Bristol-Myers Squibb","reports","Health Care","Health Care Distributors & Services","New York, New York"
"BRCM","Broadcom Corporation","reports","Information Technology","Semiconductors","Irvine, California"
"BF.B","Brown-Forman Corporation","reports","Consumer Staples","Distillers & Vintners","Louisville, Kentucky"
"CHRW","C. H. Robinson Worldwide","reports","Industrials","Air Freight & Logistics","Eden Prairie, Minnesota"
"CA","CA, Inc.","reports","Information Technology","Systems Software","Islandia, New York"
"CVC","Cablevision Systems Corp.","reports","Consumer Discretionary","Broadcasting & Cable TV","Bethpage, New York"
"COG","Cabot Oil & Gas","reports","Energy","Oil & Gas Exploration & Production","Houston, Texas"
"CAM","Cameron International Corp.","reports","Energy","Oil & Gas Equipment & Services","Houston, Texas"
"CPB","Campbell Soup","reports","Consumer Staples","Packaged Foods & Meats","Camden, New Jersey"
"COF","Capital One Financial","reports","Financials","Consumer Finance","Tysons Corner, Virginia"
"CAH","Cardinal Health Inc.","reports","Health Care","Health Care Distributors & Services","Dublin, Ohio"
"CFN","Carefusion","reports","Health Care","Health Care Equipment & Services","San Diego, California [2]"
"KMX","Carmax Inc","reports","Consumer Discretionary","Specialty Stores","Richmond, Virginia"
"CCL","Carnival Corp.","reports","Consumer Discretionary","Hotels, Resorts & Cruise Lines","Miami, Florida"
"CAT","Caterpillar Inc.","reports","Industrials","Construction & Farm Machinery & Heavy Trucks","Peoria, Illinois"
"CBG","CBRE Group","reports","Financials","Real Estate Management & Development","Los Angeles, California"
"CBS","CBS Corp.","reports","Consumer Discretionary","Broadcasting & Cable TV","New York, New York"
"CELG","Celgene Corp.","reports","Health Care","Biotechnology","Summit, New Jersey"
"CNP","CenterPoint Energy","reports","Utilities","Multi-Utilities & Unregulated Power","Houston, Texas"
"CTL","CenturyLink Inc","reports","Telecommunications Services","Integrated Telecommunications Services","Monroe, Louisiana"
"CERN","Cerner","reports","Health Care","Health Care Distributors & Services","North Kansas City, Missouri"
"CF","CF Industries Holdings Inc","reports","Materials","Fertilizers & Agricultural Chemicals","Deerfield, Illinois"
"SCHW","Charles Schwab","reports","Financials","Diversified Financial Services","San Francisco, California"
"CHK","Chesapeake Energy","reports","Energy","Integrated Oil & Gas","Oklahoma City, Oklahoma"
"CVX","Chevron Corp.","reports","Energy","Integrated Oil & Gas","San Ramon, California"
"CMG","Chipotle Mexican Grill","reports","Consumer Discretionary","Restaurants","Denver, Colorado"
"CB","Chubb Corp.","reports","Financials","Property & Casualty Insurance","Warren, New Jersey"
"CI","CIGNA Corp.","reports","Health Care","Managed Health Care","Philadelphia, Pennsylvania"
"CINF","Cincinnati Financial","reports","Financials","Property & Casualty Insurance","Fairfield, Ohio"
"CTAS","Cintas Corporation","reports","Industrials","Diversified Commercial Services","Mason, Ohio"
"CSCO","Cisco Systems","reports","Information Technology","Networking Equipment","San Jose, California"
"C","Citigroup Inc.","reports","Financials","Banks","New York, New York"
"CTXS","Citrix Systems","reports","Information Technology","Internet Software & Services","Fort Lauderdale, Florida"
"CLF","Cliffs Natural Resources","reports","Materials","Diversified Metals & Mining","Cleveland, Ohio"
"CLX","The Clorox Company","reports","Consumer Staples","Household Products","Oakland, California"
"CME","CME Group Inc.","reports","Financials","Diversified Financial Services","Chicago, Illinois"
"CMS","CMS Energy","reports","Utilities","Multi-Utilities & Unregulated Power","Jackson, Michigan"
"COH","Coach Inc.","reports","Consumer Discretionary","Apparel, Accessories & Luxury Goods","New York, New York"
"KO","The Coca Cola Company","reports","Consumer Staples","Soft Drinks","Atlanta, Georgia"
"CCE","Coca-Cola Enterprises","reports","Consumer Staples","Soft Drinks","Atlanta, Georgia"
"CTSH","Cognizant Technology Solutions","reports","Information Technology","IT Consulting & Services","Teaneck, New Jersey"
"CL","Colgate-Palmolive","reports","Consumer Staples","Household Products","New York, New York"
"CMCSA","Comcast Corp.","reports","Consumer Discretionary","Broadcasting & Cable TV","Philadelphia, Pennsylvania"
"CMA","Comerica Inc.","reports","Financials","Banks","Dallas, Texas"
"CSC","Computer Sciences Corp.","reports","Information Technology","IT Consulting & Services","Falls Church, Virginia"
"CAG","ConAgra Foods Inc.","reports","Consumer Staples","Packaged Foods & Meats","Omaha, Nebraska"
"COP","ConocoPhillips","reports","Energy","Integrated Oil & Gas","Houston, Texas"
"CNX","CONSOL Energy Inc.","reports","Energy","Oil & Gas Exploration & Production","Cecil Township, Pennsylvania"
"ED","Consolidated Edison","reports","Utilities","Multi-Utilities & Unregulated Power","New York, New York"
"STZ","Constellation Brands","reports","Consumer Staples","Distillers & Vintners","Victor, New York"
"GLW","Corning Inc.","reports","Industrials","Construction & Engineering","Corning, New York"
"COST","Costco Co.","reports","Consumer Staples","General Merchandise Stores","Issaquah, Washington"
"CVH","Coventry Health Care Inc.","reports","Health Care","Managed Health Care","Bethesda, Maryland"
"COV","Covidien plc","reports","Health Care","Health Care Equipment & Services","Dublin, Ireland"
"CCI","Crown Castle International Corp.","reports","Telecommunications Services","Wireless Telecommunications Services","Houston, Texas"
"CSX","CSX Corp.","reports","Industrials","Railroads","Jacksonville, Florida"
"CMI","Cummins Inc.","reports","Industrials","Industrial Machinery","Columbus, Indiana"
"CVS","CVS Caremark Corp.","reports","Consumer Staples","Drug Retail","Woonsocket, Rhode Island"
"DHI","D. R. Horton","reports","Consumer Discretionary","Restaurants","Fort Worth, Texas"
"DHR","Danaher Corp.","reports","Industrials","Industrial Machinery","Washington D.C"
"DRI","Darden Restaurants","reports","Consumer Discretionary","Restaurants","Orlando, Florida"
"DVA","DaVita Inc.","reports","Health Care","Health Care Facilities","Denver, Colorado"
"DF","Dean Foods","reports","Consumer Staples","Packaged Foods & Meats","Dallas, Texas"
"DE","Deere & Co.","reports","Industrials","Construction & Farm Machinery & Heavy Trucks","Moline, Illinois"
"DELL","Dell Inc.","reports","Information Technology","Computer Hardware","Round Rock, Texas"
"DLPH","Delphi Automotive","reports","Consumer Discretionary","Auto Parts & Equipment","Gillingham, Kent, United Kingdom"
"DNR","Denbury Resources Inc.","reports","Energy","Oil & Gas Exploration & Production","Plano, Texas"
"XRAY","Dentsply International","reports","Health Care","Health Care Supplies","York, Pennsylvania"
"DVN","Devon Energy Corp.","reports","Energy","Oil & Gas Exploration & Production","Oklahoma City, Oklahoma"
"DO","Diamond Offshore Drilling","reports","Energy","Oil & Gas Drilling","Houston, Texas"
"DTV","DirecTV","reports","Consumer Discretionary","Broadcasting & Cable TV","El Segundo, California"
"DFS","Discover Financial Services","reports","Financials","Consumer Finance","Riverwoods, Illinois"
"DISCA","Discovery Communications","reports","Consumer Discretionary","Broadcasting & Cable TV","Silver Spring, Maryland"
"DG","Dollar General","reports","Consumer Discretionary","General Merchandise Stores","Goodlettsville, Tennessee"
"DLTR","Dollar Tree","reports","Consumer Discretionary","General Merchandise Stores","Chesapeake, Virginia"
"D","Dominion Resources","reports","Utilities","Multi-Utilities & Unregulated Power","Richmond, Virginia"
"DOV","Dover Corp.","reports","Industrials","Industrial Machinery","Downers Grove, Illinois"
"DOW","Dow Chemical","reports","Materials","Diversified Chemicals","Midland, Michigan"
"DPS","Dr Pepper Snapple Group","reports","Consumer Staples","Soft Drinks","Plano, Texas"
"DTE","DTE Energy Co.","reports","Utilities","Multi-Utilities & Unregulated Power","Detroit, Michigan"
"DD","Du Pont (E.I.)","reports","Materials","Diversified Chemicals","Wilmington, Delaware"
"DUK","Duke Energy","reports","Utilities","Electric Utilities","Charlotte, North Carolina"
"DNB","Dun & Bradstreet","reports","Industrials","Data Processing Services","Short Hills, New Jersey"
"ETFC","E-Trade","reports","Financials","Diversified Financial Services","New York, New York"
"EMN","Eastman Chemical","reports","Materials","Diversified Chemicals","Kingsport, Tennessee"
"ETN","Eaton Corp.","reports","Industrials","Industrial Conglomerates","Cleveland, Ohio"
"EBAY","eBay Inc.","reports","Information Technology","Internet Software & Services","San Jose, California"
"ECL","Ecolab Inc.","reports","Materials","Specialty Chemicals","St. Paul, Minnesota"
"EIX","Edison Int'l","reports","Utilities","Multi-Utilities & Unregulated Power","Rosemead, California"
"EW","Edwards Lifesciences","reports","Health Care","Health Care Equipment & Services","Irvine, California"
"EA","Electronic Arts","reports","Information Technology","Application Software","Redwood City, California"
"EMC","EMC Corp.","reports","Information Technology","IT Consulting & Services","Hopkinton, Massachusetts"
"EMR","Emerson Electric","reports","Industrials","Industrial Conglomerates","Ferguson, Missouri"
"ESV","Ensco plc","reports","Energy","Oil & Gas Drilling","London, United Kingdom"
"ETR","Entergy Corp.","reports","Utilities","Electric Utilities","New Orleans, Louisiana"
"EOG","EOG Resources","reports","Energy","Oil & Gas Exploration & Production","Houston, Texas"
"EQT","EQT Corporation","reports","Utilities","Gas Utilities","Pittsburgh, Pennsylvania"
"EFX","Equifax Inc.","reports","Financials","Diversified Financial Services","Atlanta, Georgia"
"EQR","Equity Residential","reports","Financials","REITs","Chicago, Illinois"
"EL","Estee Lauder Cos.","reports","Consumer Staples","Personal Products","New York, New York"
"EXC","Exelon Corp.","reports","Utilities","Multi-Utilities & Unregulated Power","Chicago, Illinois"
"EXPE","Expedia Inc.","reports","Consumer Discretionary","Hotels, Resorts & Cruise Lines","Bellevue, Washington"
"EXPD","Expeditors Int'l","reports","Industrials","Air Freight & Logistics","Seattle, Washington"
"ESRX","Express Scripts","reports","Health Care","Health Care Distributors & Services","Cool Valley, Missouri"
"XOM","Exxon Mobil Corp.","reports","Energy","Integrated Oil & Gas","Irving, Texas"
"FFIV","F5 Networks","reports","Information Technology","Networking Equipment","Seattle, Washington"
"FDO","Family Dollar Stores","reports","Consumer Discretionary","General Merchandise Stores","Matthews, North Carolina"
"FAST","Fastenal Co","reports","Industrials","Building Products","Winona, Minnesota"
"FDX","FedEx Corporation","reports","Industrials","Air Freight & Logistics","Memphis, Tennessee"
"FIS","Fidelity National Information Services","reports","Information Technology","Internet Software & Services","Jacksonville, Florida"
"FITB","Fifth Third Bancorp","reports","Financials","Banks","Cincinnati, Ohio"
"FHN","First Horizon National","reports","Financials","Banks","Memphis, Tennessee"
"FSLR","First Solar Inc","reports","Industrials","Heavy Electrical Equipment","Tempe, Arizona"
"FE","FirstEnergy Corp","reports","Utilities","Multi-Utilities & Unregulated Power","Akron, Ohio"
"FISV","Fiserv Inc","reports","Information Technology","Internet Software & Services","Brookfield, Wisconsin"
"FLIR","FLIR Systems","reports","Industrials","Aerospace & Defense","Wilsonville, Oregon"
"FLS","Flowserve Corporation","reports","Industrials","Industrial Machinery","Irving, Texas"
"FLR","Fluor Corp.","reports","Industrials","Diversified Commercial Services","Irving, Texas"
"FMC","FMC Corporation","reports","Materials","Diversified Chemicals","Philadelphia, Pennsylvania"
"FTI","FMC Technologies Inc.","reports","Energy","Oil & Gas Equipment & Services","Houston, Texas"
"F","Ford Motor","reports","Consumer Discretionary","Automobile Manufacturers","Dearborn, Michigan"
"FRX","Forest Laboratories","reports","Health Care","Pharmaceuticals","New York, New York"
"FOSL","Fossil, Inc.","reports","Consumer Discretionary","Apparel, Accessories & Luxury Goods","Richardson, Texas"
"BEN","Franklin Resources","reports","Financials","Diversified Financial Services","San Mateo, California"
"FCX","Freeport-McMoran Cp & Gld","reports","Materials","Diversified Metals & Mining","Phoenix, Arizona"
"FTR","Frontier Communications","reports","Telecommunications Services","Integrated Telecommunications Services","Stamford, Connecticut"
"GME","GameStop Corp.","reports","Consumer Discretionary","Specialty Stores","Grapevine, Texas"
"GCI","Gannett Co.","reports","Consumer Discretionary","Publishing","McLean, Virginia"
"GPS","Gap (The)","reports","Consumer Discretionary","Apparel Retail","San Francisco, California"
"GRMN","Garmin Ltd.","reports","Consumer Discretionary","Consumer Electronics","Schaffhausen, Switzerland"
"GD","General Dynamics","reports","Industrials","Aerospace & Defense","Falls Church, Virginia"
"GE","General Electric","reports","Industrials","Industrial Conglomerates","Fairfield, Connecticut"
"GIS","General Mills","reports","Consumer Staples","Packaged Foods & Meats","Golden Valley, Minnesota"
"GPC","Genuine Parts","reports","Consumer Discretionary","Specialty Stores","Atlanta, Georgia"
"GNW","Genworth Financial Inc.","reports","Financials","Life & Health Insurance","Richmond, Virginia"
"GILD","Gilead Sciences","reports","Health Care","Biotechnology","Foster City, California"
"GS","Goldman Sachs Group","reports","Financials","Diversified Financial Services","New York, New York"
"GT","Goodyear Tire & Rubber","reports","Consumer Discretionary","Tires & Rubber","Akron, Ohio"
"GOOG","Google Inc.","reports","Information Technology","Internet Software & Services","Mountain View, California"
"GWW","Grainger (W.W.) Inc.","reports","Industrials","Industrial Materials","Lake Forest, Illinois"
"HAL","Halliburton Co.","reports","Energy","Oil & Gas Equipment & Services","Houston, Texas"
"HOG","Harley-Davidson","reports","Consumer Discretionary","Motorcycle Manufacturers","Milwaukee, Wisconsin"
"HAR","Harman Int'l Industries","reports","Consumer Discretionary","Consumer Electronics","Stamford, Connecticut"
"HRS","Harris Corporation","reports","Information Technology","Telecommunications Equipment","Melbourne, Florida"
"HIG","Hartford Financial Svc.Gp.","reports","Financials","Property & Casualty Insurance","Hartford, Connecticut"
"HAS","Hasbro Inc.","reports","Consumer Discretionary","Leisure Products","Pawtucket, Rhode Island"
"HCP","HCP Inc.","reports","Financials","REITs","Long Beach, California"
"HCN","Health Care REIT","reports","Financials","REITs","Toledo, Ohio[3]"
"HNZ","Heinz (H.J.)","reports","Consumer Staples","Packaged Foods & Meats","Pittsburgh, Pennsylvania"
"HP","Helmerich & Payne","reports","Energy","Oil & Gas Drilling","Tulsa, Oklahoma[4]"
"HES","Hess Corporation","reports","Energy","Integrated Oil & Gas","New York, New York"
"HPQ","Hewlett-Packard","reports","Information Technology","Computer Hardware","Palo Alto, California"
"HD","Home Depot","reports","Consumer Discretionary","Home Improvement Retail","Cobb County, Georgia"
"HON","Honeywell Int'l Inc.","reports","Industrials","Industrial Conglomerates","Morristown, New Jersey"
"HRL","Hormel Foods Corp.","reports","Consumer Staples","Packaged Foods & Meats","Austin, Minnesota"
"HSP","Hospira Inc.","reports","Health Care","Health Care Equipment & Services","Lake Forest, Illinois"
"HST","Host Hotels & Resorts","reports","Financials","REITs","Bethesda, Maryland"
"HCBK","Hudson City Bancorp","reports","Financials","Banks","Paramus, New Jersey"
"HUM","Humana Inc.","reports","Health Care","Managed Health Care","Louisville, Kentucky"
"HBAN","Huntington Bancshares","reports","Financials","Banks","Columbus, Ohio"
"ITW","Illinois Tool Works","reports","Industrials","Industrial Machinery","Glenview, Illinois"
"IR","Ingersoll-Rand PLC","reports","Industrials","Industrial Conglomerates","Dublin, Ireland"
"TEG","Integrys Energy Group Inc.","reports","Utilities","Gas Utilities","Chicago, Illinois"
"INTC","Intel Corp.","reports","Information Technology","Semiconductors","Santa Clara, California"
"ICE","IntercontinentalExchange Inc.","reports","Financials","Diversified Financial Services","Atlanta, Georgia"
"IBM","International Bus. Machines","reports","Information Technology","IT Consulting & Services","Armonk, New York"
"IFF","International Flav/Frag","reports","Materials","Specialty Chemicals","New York, New York"
"IGT","International Game Technology","reports","Consumer Discretionary","Leisure Products","Reno, Nevada"
"IP","International Paper","reports","Materials","Paper Products","Memphis, Tennessee"
"IPG","Interpublic Group","reports","Consumer Discretionary","Advertising","New York, New York"
"INTU","Intuit Inc.","reports","Information Technology","Internet Software & Services","Mountain View, California"
"ISRG","Intuitive Surgical Inc.","reports","Health Care","Health Care Equipment & Services","Sunnyvale, California"
"IVZ","Invesco Ltd.","reports","Financials","Diversified Financial Services","Atlanta, Georgia"
"IRM","Iron Mountain Incorporated","reports","Industrials","Data Processing Services","Boston, Massachusetts"
"JBL","Jabil Circuit","reports","Information Technology","IT Consulting & Services","St. Petersburg, Florida"
"JEC","Jacobs Engineering Group","reports","Industrials","Industrial Conglomerates","Pasadena, California"
"JDSU","JDS Uniphase Corp.","reports","Information Technology","Telecommunications Equipment","Milpitas, California"
"JNJ","Johnson & Johnson","reports","Health Care","Health Care Equipment & Services","New Brunswick, New Jersey"
"JCI","Johnson Controls","reports","Consumer Discretionary","Auto Parts & Equipment","Milwaukee, Wisconsin"
"JOY","Joy Global Inc.","reports","Industrials","Industrial Machinery","Milwaukee, Wisconsin"
"JPM","JPMorgan Chase & Co.","reports","Financials","Banks","New York, New York"
"JNPR","Juniper Networks","reports","Information Technology","Networking Equipment","Sunnyvale, California"
"K","Kellogg Co.","reports","Consumer Staples","Packaged Foods & Meats","Battle Creek, Michigan"
"KEY","KeyCorp","reports","Financials","Banks","Cleveland, Ohio"
"KMB","Kimberly-Clark","reports","Consumer Staples","Household Products","Irving, Texas"
"KIM","Kimco Realty","reports","Financials","REITs","New Hyde Park, New York"
"KMI","Kinder Morgan","reports","Energy","Oil & Gas Refining & Marketing & Transportation","Houston, Texas"
"KLAC","KLA-Tencor Corp.","reports","Information Technology","Semiconductor Equipment","Milpitas, California"
"KSS","Kohl's Corp.","reports","Consumer Discretionary","General Merchandise Stores","Menomonee Falls, Wisconsin"
"KRFT","Kraft Foods Group","reports","Consumer Staples","Packaged Foods & Meats","Northfield, Illinois"
"KR","Kroger Co.","reports","Consumer Staples","Food Retail","Cincinnati, Ohio"
"LLL","L-3 Communications Holdings","reports","Industrials","Industrial Conglomerates","New York, New York"
"LH","Laboratory Corp. of America Holding","reports","Health Care","Health Care Facilities","Burlington, North Carolina"
"LRCX","Lam Research","reports","Information Technology","Semiconductor Equipment","Fremont, California"
"LM","Legg Mason","reports","Financials","Diversified Financial Services","Baltimore, Maryland"
"LEG","Leggett & Platt","reports","Industrials","Industrial Conglomerates","Carthage, Missouri"
"LEN","Lennar Corp.","reports","Consumer Discretionary","Homebuilding","Miami, Florida"
"LUK","Leucadia National Corp.","reports","Financials","Multi-Sector Holdings","New York, New York"
"LIFE","Life Technologies","reports","Health Care","Biotechnology","Carlsbad, California"
"LLY","Lilly (Eli) & Co.","reports","Health Care","Pharmaceuticals","Indianapolis, Indiana"
"LTD","Limited Brands Inc.","reports","Consumer Discretionary","Apparel Retail","Columbus, Ohio"
"LNC","Lincoln National","reports","Financials","Multi-line Insurance","Radnor, Pennsylvania"
"LLTC","Linear Technology Corp.","reports","Information Technology","Semiconductors","Milpitas, California"
"LMT","Lockheed Martin Corp.","reports","Industrials","Aerospace & Defense","Bethesda, Maryland"
"L","Loews Corp.","reports","Financials","Multi-Sector Holdings","New York, New York"
"LO","Lorillard Inc.","reports","Consumer Staples","Tobacco","Greensboro, North Carolina"
"LOW","Lowe's Cos.","reports","Consumer Discretionary","Home Improvement Retail","Mooresville, North Carolina"
"LSI","LSI Corporation","reports","Information Technology","Semiconductors","Milpitas, California"
"LYB","LyondellBasell","reports","Materials","Diversified Chemicals","Rotterdam, Netherlands"
"MTB","M&T Bank Corp.","reports","Financials","Banks","Buffalo, New York"
"M","Macy's Inc.","reports","Consumer Discretionary","Department Stores","Cincinnati, Ohio"
"MRO","Marathon Oil Corp.","reports","Energy","Oil & Gas Exploration & Production","Houston, Texas"
"MPC","Marathon Petroleum","reports","Energy","Oil & Gas Refining & Marketing & Transportation","Findlay, Ohio"
"MAR","Marriott Int'l.","reports","Consumer Discretionary","Hotels, Resorts & Cruise Lines","Bethesda, Maryland"
"MMC","Marsh & McLennan","reports","Financials","Insurance Brokers","New York, New York"
"MAS","Masco Corp.","reports","Industrials","Building Products","Taylor, Michigan"
"MA","Mastercard Inc.","reports","Information Technology","Internet Software & Services","Harrison, New York"
"MAT","Mattel Inc.","reports","Consumer Discretionary","Leisure Products","El Segundo, California"
"MKC","McCormick & Co.","reports","Consumer Staples","Packaged Foods & Meats","Sparks, Maryland"
"MCD","McDonald's Corp.","reports","Consumer Discretionary","Restaurants","Oak Brook, Illinois"
"MHP","McGraw-Hill","reports","Financials","Diversified Financial Services","New York, New York"
"MCK","McKesson Corp.","reports","Health Care","Health Care Distributors & Services","San Francisco, California"
"MJN","Mead Johnson","reports","Consumer Staples","Packaged Foods & Meats","Glenview, Illinois"
"MWV","MeadWestvaco Corporation","reports","Materials","Paper Packaging","Richmond, Virginia"
"MDT","Medtronic Inc.","reports","Health Care","Health Care Equipment & Services","Fridley, Minnesota"
"MRK","Merck & Co.","reports","Health Care","Pharmaceuticals","Whitehouse Station, New Jersey"
"MET","MetLife Inc.","reports","Financials","Life & Health Insurance","New York, New York"
"PCS","MetroPCS Communications Inc.","reports","Telecommunications Services","Wireless Telecommunications Services","Richardson, Texas"
"MCHP","Microchip Technology","reports","Information Technology","Semiconductors","Chandler, Arizona"
"MU","Micron Technology","reports","Information Technology","Semiconductors","Boise, Idaho"
"MSFT","Microsoft Corp.","reports","Information Technology","Systems Software","Redmond, Washington"
"MOLX","Molex Inc.","reports","Information Technology","Electronic Equipment & Instruments","Lisle, Illinois"
"TAP","Molson Coors Brewing Company","reports","Consumer Staples","Brewers","Denver, Colorado"
"MDLZ","Mondelez International","reports","Consumer Staples","Packaged Foods & Meats","Northfield, Illinois"
"MON","Monsanto Co.","reports","Materials","Fertilizers & Agricultural Chemicals","Creve Coeur, Missouri"
"MNST","Monster Beverage","reports","Consumer Staples","Soft Drinks","Corona, California"
"MCO","Moody's Corp","reports","Financials","Diversified Financial Services","New York, New York"
"MS","Morgan Stanley","reports","Financials","Diversified Financial Services","New York, New York"
"MOS","The Mosaic Company","reports","Materials","Fertilizers & Agricultural Chemicals","Plymouth, Minnesota"
"MSI","Motorola Solutions Inc.","reports","Information Technology","Telecommunications Equipment","Schaumburg, Illinois"
"MUR","Murphy Oil","reports","Energy","Integrated Oil & Gas","El Dorado, Arkansas"
"MYL","Mylan Inc.","reports","Health Care","Pharmaceuticals","Canonsburg, Pennsylvania"
"NBR","Nabors Industries Ltd.","reports","Energy","Oil & Gas Drilling","Hamilton, Bermuda"
"NDAQ","NASDAQ OMX Group","reports","Financials","Diversified Financial Services","New York, New York"
"NOV","National Oilwell Varco Inc.","reports","Energy","Oil & Gas Equipment & Services","Houston, Texas"
"NTAP","NetApp","reports","Information Technology","Internet Software & Services","Sunnyvale, California"
"NFLX","NetFlix Inc.","reports","Information Technology","Internet Software & Services","Los Gatos, California"
"NWL","Newell Rubbermaid Co.","reports","Consumer Discretionary","Housewares & Specialties","Sandy Springs, Georgia"
"NFX","Newfield Exploration Co","reports","Energy","Oil & Gas Exploration & Production","Houston, Texas"
"NEM","Newmont Mining Corp. (Hldg. Co.)","reports","Materials","Gold","Denver, Colorado"
"NWSA","News Corporation","reports","Consumer Discretionary","Publishing","New York, New York"
"NEE","NextEra Energy Resources","reports","Utilities","Multi-Utilities & Unregulated Power","Juno Beach, Florida"
"NKE","NIKE Inc.","reports","Consumer Discretionary","Apparel, Accessories & Luxury Goods","Washington County, Oregon"
"NI","NiSource Inc.","reports","Utilities","Multi-Utilities & Unregulated Power","Merrillville, Indiana"
"NE","Noble Corp","reports","Energy","Oil & Gas Drilling","Geneva, Switzerland"
"NBL","Noble Energy Inc","reports","Energy","Oil & Gas Exploration & Production","Houston, Texas"
"JWN","Nordstrom","reports","Consumer Discretionary","Department Stores","Seattle, Washington"
"NSC","Norfolk Southern Corp.","reports","Industrials","Railroads","Norfolk, Virginia"
"NTRS","Northern Trust Corp.","reports","Financials","Diversified Financial Services","Chicago, Illinois"
"NOC","Northrop Grumman Corp.","reports","Industrials","Aerospace & Defense","West Falls Church, Virginia"
"NU","Northeast Utilities","reports","Utilities","Multi-Utilities & Unregulated Power","Berlin, Connecticut"
"NRG","NRG Energy","reports","Utilities","Multi-Utilities & Unregulated Power","Princeton, New Jersey"
"NUE","Nucor Corp.","reports","Materials","Steel","Charlotte, North Carolina"
"NVDA","Nvidia Corporation","reports","Information Technology","Semiconductors","Santa Clara, California"
"NYX","NYSE Euronext","reports","Financials","Diversified Financial Services","New York, New York"
"ORLY","O'Reilly Automotive","reports","Consumer Discretionary","Specialty Stores","Springfield, Missouri"
"OXY","Occidental Petroleum","reports","Energy","Oil & Gas Exploration & Production","Los Angeles, California"
"OMC","Omnicom Group","reports","Consumer Discretionary","Advertising","New York, New York"
"OKE","ONEOK","reports","Utilities","Gas Utilities","Tulsa, Oklahoma"
"ORCL","Oracle Corp.","reports","Information Technology","Application Software","Redwood Shores, California"
"OI","Owens-Illinois Inc","reports","Materials","Metal & Glass Containers","Perrysburg, Ohio"
"PCAR","PACCAR Inc.","reports","Industrials","Construction & Farm Machinery & Heavy Trucks","Bellevue, Washington"
"PLL","Pall Corp.","reports","Industrials","Industrial Conglomerates","Port Washington, New York"
"PH","Parker-Hannifin","reports","Industrials","Industrial Conglomerates","Cleveland, Ohio"
"PDCO","Patterson Companies","reports","Health Care","Health Care Supplies","St. Paul, Minnesota"
"PAYX","Paychex Inc.","reports","Information Technology","Internet Software & Services","Penfield, New York"
"BTU","Peabody Energy","reports","Energy","Oil & Gas Exploration & Production","St. Louis, Missouri"
"JCP","Penney (J.C.)","reports","Consumer Discretionary","Department Stores","Plano, Texas"
"PNR","Pentair Ltd.","reports","Industrials","Industrial Conglomerates","Schaffhausen, Switzerland"
"PBCT","People's United Bank","reports","Financials","Banks","Bridgeport, Connecticut"
"POM","Pepco Holdings Inc.","reports","Utilities","Multi-Utilities & Unregulated Power","Washington D.C"
"PEP","PepsiCo Inc.","reports","Consumer Staples","Soft Drinks","Purchase, New York"
"PKI","PerkinElmer","reports","Health Care","Health Care Equipment & Services","Waltham, Massachusetts"
"PRGO","Perrigo","reports","Health Care","Pharmaceuticals","Allegan, Michigan"
"PETM","PetSmart, Inc.","reports","Consumer Discretionary","Specialty Stores","Phoenix, Arizona"
"PFE","Pfizer Inc.","reports","Health Care","Pharmaceuticals","New York, New York"
"PCG","PG&E Corp.","reports","Utilities","Multi-Utilities & Unregulated Power","San Francisco, California"
"PM","Philip Morris International","reports","Consumer Staples","Tobacco","New York, New York"
"PSX","Phillips 66","reports","Energy","Oil & Gas Refining & Marketing & Transportation","Houston, Texas"
"PNW","Pinnacle West Capital","reports","Utilities","Multi-Utilities & Unregulated Power","Phoenix, Arizona"
"PXD","Pioneer Natural Resources","reports","Energy","Oil & Gas Exploration & Production","Irving, Texas"
"PBI","Pitney-Bowes","reports","Industrials","Data Processing Services","Stamford, Connecticut"
"PCL","Plum Creek Timber Co.","reports","Financials","REITs","Seattle, Washington"
"PNC","PNC Financial Services","reports","Financials","Banks","Pittsburgh, Pennsylvania"
"RL","Polo Ralph Lauren Corp.","reports","Consumer Discretionary","Apparel, Accessories & Luxury Goods","New York, New York"
"PPG","PPG Industries","reports","Materials","Diversified Chemicals","Pittsburgh, Pennsylvania"
"PPL","PPL Corp.","reports","Utilities","Multi-Utilities & Unregulated Power","Allentown, Pennsylvania"
"PX","Praxair Inc.","reports","Materials","Industrial Gases","Danbury, Connecticut"
"PCP","Precision Castparts","reports","Industrials","Industrial Conglomerates","Portland, Oregon"
"PCLN","Priceline.com Inc","reports","Consumer Discretionary","Hotels, Resorts & Cruise Lines","Norwalk, Connecticut"
"PFG","Principal Financial Group","reports","Financials","Diversified Financial Services","Des Moines, Iowa"
"PG","Procter & Gamble","reports","Consumer Staples","Personal Products","Cincinnati, Ohio"
"PGR","Progressive Corp.","reports","Financials","Property & Casualty Insurance","Mayfield Village, Ohio"
"PLD","ProLogis","reports","Financials","Diversified Financial Services","Denver, Colorado"
"PRU","Prudential Financial","reports","Financials","Diversified Financial Services","Newark, New Jersey"
"PEG","Public Serv. Enterprise Inc.","reports","Utilities","Multi-Utilities & Unregulated Power","Newark, New Jersey"
"PSA","Public Storage","reports","Financials","REITs","Glendale, California"
"PHM","Pulte Homes Inc.","reports","Consumer Discretionary","Homebuilding","Bloomfield Hills, Michigan"
"PVH","PVH Corp.","reports","Consumer Discretionary","Apparel Accessories & Luxury Goods","New York, New York"
"QEP","QEP Resources","reports","Utilities","Multi-Utilities & Unregulated Power","Denver, Colorado[5]"
"PWR","Quanta Services Inc.","reports","Industrials","Industrial Conglomerates","Houston, Texas"
"QCOM","QUALCOMM Inc.","reports","Information Technology","Semiconductors","San Diego, California"
"DGX","Quest Diagnostics","reports","Health Care","Health Care Facilities","Madison, New Jersey"
"RRC","Range Resources Corp.","reports","Energy","Oil & Gas Exploration & Production","Fort Worth, Texas"
"RTN","Raytheon Co.","reports","Industrials","Aerospace & Defense","Waltham, Massachusetts"
"RHT","Red Hat Inc.","reports","Information Technology","Systems Software","Raleigh, North Carolina"
"RF","Regions Financial Corp.","reports","Financials","Diversified Financial Services","Birmingham, Alabama"
"RSG","Republic Services Inc","reports","Industrials","Industrial Conglomerates","Phoenix, Arizona"
"RAI","Reynolds American Inc.","reports","Consumer Staples","Tobacco","Winston-Salem, North Carolina"
"RHI","Robert Half International","reports","Industrials","Industrial Conglomerates","Menlo Park, California"
"ROK","Rockwell Automation Inc.","reports","Industrials","Industrial Conglomerates","Milwaukee, Wisconsin"
"COL","Rockwell Collins","reports","Industrials","Industrial Conglomerates","Cedar Rapids, Iowa"
"ROP","Roper Industries","reports","Industrials","Industrial Conglomerates","Sarasota, Florida"
"ROST","Ross Stores Inc.","reports","Consumer Discretionary","Apparel Retail","Pleasanton, California"
"RDC","Rowan Cos.","reports","Energy","Oil & Gas Drilling","Houston, Texas"
"R","Ryder System","reports","Industrials","Industrial Conglomerates","Miami, Florida"
"SWY","Safeway Inc.","reports","Consumer Staples","Food Retail","Pleasanton, California"
"SAI","SAIC","reports","Industrials","Aerospace & Defense","McLean, Virginia"
"CRM","Salesforce.com","reports","Information Technology","Internet Software & Services","San Francisco, California"
"SNDK","SanDisk Corporation","reports","Information Technology","Computer Storage & Peripherals","Milpitas, California"
"SCG","SCANA Corp","reports","Utilities","Multi-Utilities & Unregulated Power","Cayce, South Carolina"
"SLB","Schlumberger Ltd.","reports","Energy","Oil & Gas Equipment & Services","Houston, Texas"
"SNI","Scripps Networks Interactive Inc.","reports","Consumer Discretionary","Broadcasting & Cable TV","Cincinnati, Ohio"
"STX","Seagate Technology","reports","Information Technology","Computer Storage & Peripherals","Dublin, Ireland"
"SEE","Sealed Air Corp.(New)","reports","Materials","Paper Packaging","Elmwood Park, New Jersey"
"SRE","Sempra Energy","reports","Utilities","Multi-Utilities & Unregulated Power","San Diego, California"
"SHW","Sherwin-Williams","reports","Consumer Discretionary","Housewares & Specialties","Cleveland, Ohio"
"SIAL","Sigma-Aldrich","reports","Materials","Diversified Chemicals","St. Louis, Missouri"
"SPG","Simon Property Group Inc","reports","Financials","REITs","Indianapolis, Indiana"
"SLM","SLM Corporation","reports","Financials","Diversified Financial Services","Newark, Delaware"
"SJM","Smucker (J.M.)","reports","Consumer Staples","Packaged Foods & Meats","Orrville, Ohio"
"SNA","Snap-On Inc.","reports","Consumer Discretionary","Household Appliances","Kenosha, Wisconsin"
"SO","Southern Co.","reports","Utilities","Multi-Utilities & Unregulated Power","Atlanta, Georgia"
"LUV","Southwest Airlines","reports","Industrials","Airlines","Dallas, Texas"
"SWN","Southwestern Energy","reports","Energy","Oil & Gas Exploration & Production","Houston, Texas[6]"
"SE","Spectra Energy Corp.","reports","Energy","Oil & Gas Refining & Marketing & Transportation","Houston, Texas"
"S","Sprint Nextel Corp.","reports","Telecommunications Services","Wireless Telecommunications Services","Overland Park, Kansas"
"STJ","St Jude Medical","reports","Health Care","Health Care Equipment & Services","Little Canada, Minnesota"
"SWK","Stanley Black & Decker","reports","Consumer Discretionary","Household Appliances","New Britain, Connecticut"
"SPLS","Staples Inc.","reports","Consumer Discretionary","Specialty Stores","Framingham, Massachusetts"
"SBUX","Starbucks Corp.","reports","Consumer Discretionary","Restaurants","Seattle, Washington"
"HOT","Starwood Hotels & Resorts","reports","Consumer Discretionary","Hotels, Resorts & Cruise Lines","White Plains, New York"
"STT","State Street Corp.","reports","Financials","Diversified Financial Services","Boston, Massachusetts"
"SRCL","Stericycle Inc","reports","Industrials","Industrial Conglomerates","Lake Forest, Illinois"
"SYK","Stryker Corp.","reports","Health Care","Health Care Equipment & Services","Kalamazoo, Michigan"
"STI","SunTrust Banks","reports","Financials","Banks","Atlanta, Georgia"
"SYMC","Symantec Corp.","reports","Information Technology","Application Software","Mountain View, California"
"SYY","Sysco Corp.","reports","Consumer Staples","Food Distributors","Houston, Texas"
"TROW","T. Rowe Price Group","reports","Financials","Diversified Financial Services","Baltimore, Maryland"
"TGT","Target Corp.","reports","Consumer Discretionary","General Merchandise Stores","Minneapolis, Minnesota"
"TEL","TE Connectivity Ltd.","reports","Information Technology","Electronic Equipment & Instruments","Schaffhausen, Switzerland"
"TE","TECO Energy","reports","Utilities","Multi-Utilities & Unregulated Power","Tampa, Florida"
"THC","Tenet Healthcare Corp.","reports","Health Care","Health Care Facilities","Dallas, Texas"
"TDC","Teradata Corp.","reports","Information Technology","Application Software","Miamisburg, Ohio"
"TER","Teradyne Inc.","reports","Information Technology","Semiconductor Equipment","North Reading, Massachusetts"
"TSO","Tesoro Petroleum Co.","reports","Energy","Oil & Gas Refining & Marketing & Transportation","San Antonio, Texas"
"TXN","Texas Instruments","reports","Information Technology","Semiconductors","Dallas, Texas"
"TXT","Textron Inc.","reports","Industrials","Industrial Conglomerates","Providence, Rhode Island"
"HSY","The Hershey Company","reports","Consumer Staples","Packaged Foods & Meats","Hershey, Pennsylvania"
"TRV","The Travelers Companies Inc.","reports","Financials","Property & Casualty Insurance","New York, New York"
"TMO","Thermo Fisher Scientific","reports","Health Care","Health Care Equipment & Services","Waltham, Massachusetts"
"TIF","Tiffany & Co.","reports","Consumer Discretionary","Apparel, Accessories & Luxury Goods","New York, New York"
"TWX","Time Warner Inc.","reports","Consumer Discretionary","Broadcasting & Cable TV","New York, New York"
"TWC","Time Warner Cable Inc.","reports","Consumer Discretionary","Broadcasting & Cable TV","New York, New York"
"TJX","TJX Companies Inc.","reports","Consumer Discretionary","Apparel Retail","Framingham, Massachusetts"
"TMK","Torchmark Corp.","reports","Financials","Life & Health Insurance","McKinney, Texas"
"TSS","Total System Services","reports","Information Technology","Internet Software & Services","Columbus, Georgia"
"TRIP","TripAdvisor","reports","Consumer Discretionary","Hotels, Resorts & Cruise Lines","Newton, Massachusetts"
"TSN","Tyson Foods","reports","Consumer Staples","Packaged Foods & Meats","Springdale, Arkansas"
"TYC","Tyco International","reports","Industrials","Industrial Conglomerates","Schaffhausen, Switzerland"
"USB","U.S. Bancorp","reports","Financials","Banks","Minneapolis, Minnesota"
"UNP","Union Pacific","reports","Industrials","Railroads","Omaha, Nebraska"
"UNH","United Health Group Inc.","reports","Health Care","Managed Health Care","Minnetonka, Minnesota"
"UPS","United Parcel Service","reports","Industrials","Air Freight & Logistics","Atlanta, Georgia"
"X","United States Steel Corp.","reports","Materials","Steel","Pittsburgh, Pennsylvania"
"UTX","United Technologies","reports","Industrials","Industrial Conglomerates","Hartford, Connecticut"
"UNM","Unum Group","reports","Financials","Diversified Financial Services","Chattanooga, Tennessee"
"URBN","Urban Outfitters","reports","Consumer Discretionary","Apparel Retail","Philadelphia, Pennsylvania"
"VFC","V.F. Corp.","reports","Consumer Discretionary","Apparel, Accessories & Luxury Goods","Greensboro, North Carolina"
"VLO","Valero Energy","reports","Energy","Oil & Gas Refining & Marketing & Transportation","San Antonio, Texas"
"VAR","Varian Medical Systems","reports","Health Care","Health Care Equipment & Services","Palo Alto, California"
"VTR","Ventas Inc","reports","Financials","Diversified Financial Services","Chicago, Illinois"
"VRSN","Verisign Inc.","reports","Information Technology","Internet Software & Services","Dulles, Virginia"
"VZ","Verizon Communications","reports","Telecommunications Services","Integrated Telecommunications Services","New York, New York"
"VIAB","Viacom Inc.","reports","Consumer Discretionary","Broadcasting & Cable TV","New York, New York"
"V","Visa Inc.","reports","Information Technology","Internet Software & Services","San Francisco, California"
"VNO","Vornado Realty Trust","reports","Financials","REITs","New York, New York"
"VMC","Vulcan Materials","reports","Materials","Construction Materials","Birmingham, Alabama"
"WMT","Wal-Mart Stores","reports","Consumer Staples","General Merchandise Stores","Bentonville, Arkansas"
"WAG","Walgreen Co.","reports","Consumer Staples","Drug Retail","Deerfield, Illinois"
"DIS","The Walt Disney Company","reports","Consumer Discretionary","Broadcasting & Cable TV","Burbank, California"
"WPO","Washington Post Co B","reports","Consumer Discretionary","Publishing","Washington D.C"
"WM","Waste Management Inc.","reports","Industrials","Environmental Services","Houston, Texas"
"WAT","Waters Corporation","reports","Health Care","Health Care Distributors & Services","Milford, Massachusetts"
"WLP","WellPoint Inc.","reports","Health Care","Managed Health Care","Indianapolis, Indiana"
"WFC","Wells Fargo","reports","Financials","Banks","San Francisco, California"
"WDC","Western Digital","reports","Information Technology","Computer Storage & Peripherals","Irvine, California"
"WU","Western Union Co","reports","Information Technology","Internet Software & Services","Englewood, Colorado"
"WY","Weyerhaeuser Corp.","reports","Financials","REITs","Federal Way, Washington"
"WHR","Whirlpool Corp.","reports","Consumer Discretionary","Household Appliances","Benton Harbor, Michigan"
"WFM","Whole Foods Market","reports","Consumer Staples","Food Retail","Austin, Texas"
"WMB","Williams Cos.","reports","Energy","Oil & Gas Exploration & Production","Tulsa, Oklahoma"
"WIN","Windstream Corporation","reports","Telecommunications Services","Integrated Telecommunications Services","Little Rock, Arkansas"
"WEC","Wisconsin Energy Corporation","reports","Utilities","Multi-Utilities & Unregulated Power","Milwaukee, Wisconsin"
"WPX","WPX Energy, Inc.","reports","Energy","Integrated Oil & Gas","Tulsa, Oklahoma"
"WYN","Wyndham Worldwide","reports","Consumer Discretionary","Hotels, Resorts & Cruise Lines","Parsippany, New Jersey"
"WYNN","Wynn Resorts Ltd","reports","Consumer Discretionary","Hotels, Resorts & Cruise Lines","Las Vegas, Nevada"
"XEL","Xcel Energy Inc","reports","Utilities","Multi-Utilities & Unregulated Power","Minneapolis, Minnesota"
"XRX","Xerox Corp.","reports","Information Technology","IT Consulting & Services","Norwalk, Connecticut"
"XLNX","Xilinx Inc","reports","Information Technology","Semiconductors","San Jose, California"
"XL","XL Capital","reports","Financials","Property & Casualty Insurance","Hamilton, Bermuda"
"XYL","Xylem Inc.","reports","Industrials","Industrial Conglomerates","White Plains, New York"
"YHOO","Yahoo Inc.","reports","Information Technology","Internet Software & Services","Sunnyvale, California"
"YUM","Yum! Brands Inc","reports","Consumer Discretionary","Restaurants","Louisville, Kentucky"
"ZMH","Zimmer Holdings","reports","Health Care","Health Care Equipment & Services","Warsaw, Indiana"
"ZION","Zions Bancorp","reports","Financials","Banks","Salt Lake City, Utah"
