Ticker,Security,GICSector,GICS Sub Industry,Address of Headquarters
ABT,Abbott Laboratories,Health Care,Health Care Equipment & Services,"North Chicago, Illinois"
ABBV,AbbVie,Health Care,Pharmaceuticals,"North Chicago, Illinois"
ACE,ACE Limited,Financials,Property & Casualty Insurance,"Zurich, Switzerland"
ACN,Accenture plc,Information Technology,IT Consulting & Services,"Dublin, Ireland"
ACT,Actavis plc,Health Care,Pharmaceuticals,"Dublin, Ireland"
ADBE,Adobe Systems Inc,Information Technology,Application Software,"San Jose, California"
ADT,ADT Corp,Industrials,Diversified Commercial Services,"Boca Raton, Florida"
AES,AES Corp,Utilities,Electric Utilities,"Arlington, Virginia"
AET,Aetna Inc,Health Care,Managed Health Care,"Hartford, Connecticut"
AFL,AFLAC Inc,Financials,Life & Health Insurance,"Columbus, Georgia"
AMG,Affiliated Managers Group Inc,Financials,Asset Management & Custody Banks,"Beverly, Massachusetts"
A,Agilent Technologies Inc,Health Care,Health Care Equipment & Services,"Santa Clara, California"
GAS,AGL Resources Inc.,Utilities,Gas Utilities,"Atlanta, Georgia"
APD,Air Products & Chemicals Inc,Materials,Industrial Gases,"Allentown, Pennsylvania"
ARG,Airgas Inc,Materials,Industrial Gases,"Radnor, Pennsylvania"
AKAM,Akamai Technologies Inc,Information Technology,Internet Software & Services,"Cambridge, Massachusetts"
AA,Alcoa Inc,Materials,Aluminum,"New York, New York"
ALXN,Alexion Pharmaceuticals,Health Care,Biotechnology,"Cheshire, Connecticut"
ATI,Allegheny Technologies Inc,Materials,Diversified Metals & Mining,"Pittsburgh, Pennsylvania"
ALLE,Allegion,Industrials,Building Products,"Dublin, Ireland"
AGN,Allergan Inc,Health Care,Pharmaceuticals,"Irvine, California"
ADS,Alliance Data Systems,Information Technology,Data Processing & Outsourced Services,"Plano, Texas"
ALL,Allstate Corp,Financials,Property & Casualty Insurance,"Northfield Township, Illinois"
ALTR,Altera Corp,Information Technology,Semiconductors,"San Jose, California"
MO,Altria Group Inc,Consumer Staples,Tobacco,"Richmond, Virginia"
AMZN,Amazon.com Inc,Consumer Discretionary,Internet Retail,"Seattle, Washington"
AEE,Ameren Corp,Utilities,Multi-Utilities & Unregulated Power,"St. Louis, Missouri"
AEP,American Electric Power,Utilities,Electric Utilities,"Columbus, Ohio"
AXP,American Express Co,Financials,Consumer Finance,"New York, New York"
AIG,"American International Group, Inc.",Financials,Property & Casualty Insurance,"New York, New York"
AMT,American Tower Corp A,Financials,REITs,"Boston, Massachusetts"
AMP,Ameriprise Financial,Financials,Diversified Financial Services,"Minneapolis, Minnesota"
ABC,AmerisourceBergen Corp,Health Care,Health Care Distribution & Services,"Chesterbrook, Pennsylvania"
AME,Ametek,Industrials,Electrical Components and Equipment,"Berwyn, Pennsylvania"
AMGN,Amgen Inc,Health Care,Biotechnology,"Thousand Oaks, California"
APH,Amphenol Corp A,Industrials,Electrical Components & Equipment,"Wallingford, Connecticut"
APC,Anadarko Petroleum Corp,Energy,Oil & Gas Exploration & Production,"The Woodlands, Texas"
ADI,"Analog Devices, Inc.",Information Technology,Semiconductors,"Norwood, Massachusetts"
AON,Aon plc,Financials,Insurance Brokers,"London,?nited Kingdom"
APA,Apache Corporation,Energy,Oil & Gas Exploration & Production,"Houston, Texas"
AIV,Apartment Investment & Mgmt,Financials,REITs,"Denver, Colorado"
AAPL,Apple Inc.,Information Technology,Computer Hardware,"Cupertino, California"
AMAT,Applied Materials Inc,Information Technology,Semiconductor Equipment,"Santa Clara, California"
ADM,Archer-Daniels-Midland Co,Consumer Staples,Agricultural Products,"Decatur, Illinois"
AIZ,Assurant Inc,Financials,Multi-line Insurance,"New York, New York"
T,AT&T Inc,Telecommunications Services,Integrated Telecommunications Services,"Dallas, Texas"
ADSK,Autodesk Inc,Information Technology,Application Software,"San Rafael, California"
ADP,Automatic Data Processing,Information Technology,Internet Software & Services,"Roseland, New Jersey"
AN,AutoNation Inc,Consumer Discretionary,Specialty Stores,"Fort Lauderdale, Florida"
AZO,AutoZone Inc,Consumer Discretionary,Specialty Stores,"Memphis, Tennessee"
AVGO,Avago Technologies,Information Technology,Semiconductors,"San Jose, California"
AVB,"AvalonBay Communities, Inc.",Financials,REITs,"Arlington, Virginia[1]"
AVY,Avery Dennison Corp,Materials,Paper Packaging,"Glendale, California"
AVP,Avon Products,Consumer Staples,Personal Products,"New York, New York"
BHI,Baker Hughes Inc,Energy,Oil & Gas Equipment & Services,"Houston, Texas"
BLL,Ball Corp,Materials,Metal & Glass Containers,"Broomfield, Colorado"
BAC,Bank of America Corp,Financials,Banks,"Charlotte, North Carolina"
BK,The Bank of New York Mellon Corp.,Financials,Banks,"New York, New York"
BCR,Bard (C.R.) Inc.,Health Care,Health Care Equipment & Services,"Murray Hill, New Jersey"
BAX,Baxter International Inc.,Health Care,Health Care Equipment & Services,"Deerfield, Illinois"
BBT,BB&T Corporation,Financials,Banks,"Winston-Salem, North Carolina"
BDX,Becton Dickinson,Health Care,Health Care Equipment & Services,"Franklin Lakes, New Jersey"
BBBY,Bed Bath & Beyond,Consumer Discretionary,Specialty Stores,"Union, New Jersey"
BMS,Bemis Company,Materials,Paper Packaging,"Neenah, Wisconsin"
BRK.B,Berkshire Hathaway,Financials,Multi-Sector Holdings,"Omaha, Nebraska"
BBY,Best Buy Co. Inc.,Consumer Discretionary,Computer & Electronics Retail,"Richfield, Minnesota"
BIIB,BIOGEN IDEC Inc.,Health Care,Biotechnology,"Weston, Massachusetts"
BLK,BlackRock,Financials,Diversified Financial Services,"New York, New York"
HRB,Block H&R,Financials,Consumer Finance,"Kansas City, Missouri"
BA,Boeing Company,Industrials,Aerospace & Defense,"Chicago, Illinois"
BWA,BorgWarner,Consumer Discretionary,Auto Parts & Equipment,"Auburn Hills, Michigan"
BXP,Boston Properties,Financials,REITs,"Boston, Massachusetts"
BSX,Boston Scientific,Health Care,Health Care Equipment & Services,"Marlborough, Massachusetts[2]"
BMY,Bristol-Myers Squibb,Health Care,Health Care Distributors & Services,"New York, New York"
BRCM,Broadcom Corporation,Information Technology,Semiconductors,"Irvine, California"
BF.B,Brown-Forman Corporation,Consumer Staples,Distillers & Vintners,"Louisville, Kentucky"
CHRW,C. H. Robinson Worldwide,Industrials,Air Freight & Logistics,"Eden Prairie, Minnesota"
CA,"CA, Inc.",Information Technology,Systems Software,"Islandia, New York"
CVC,Cablevision Systems Corp.,Consumer Discretionary,Broadcasting & Cable TV,"Bethpage, New York"
COG,Cabot Oil & Gas,Energy,Oil & Gas Exploration & Production,"Houston, Texas"
CAM,Cameron International Corp.,Energy,Oil & Gas Equipment & Services,"Houston, Texas"
CPB,Campbell Soup,Consumer Staples,Packaged Foods & Meats,"Camden, New Jersey"
COF,Capital One Financial,Financials,Consumer Finance,"Tysons Corner, Virginia"
CAH,Cardinal Health Inc.,Health Care,Health Care Distributors & Services,"Dublin, Ohio"
CFN,Carefusion,Health Care,Health Care Equipment & Services,"San Diego, California[3]"
KMX,Carmax Inc,Consumer Discretionary,Specialty Stores,"Richmond, Virginia"
CCL,Carnival Corp.,Consumer Discretionary,"Hotels, Resorts & Cruise Lines","Miami, Florida"
CAT,Caterpillar Inc.,Industrials,Construction & Farm Machinery & Heavy Trucks,"Peoria, Illinois"
CBG,CBRE Group,Financials,Real Estate Management & Development,"Los Angeles, California"
CBS,CBS Corp.,Consumer Discretionary,Broadcasting & Cable TV,"New York, New York"
CELG,Celgene Corp.,Health Care,Biotechnology,"Summit, New Jersey"
CNP,CenterPoint Energy,Utilities,Multi-Utilities & Unregulated Power,"Houston, Texas"
CTL,CenturyLink Inc,Telecommunications Services,Integrated Telecommunications Services,"Monroe, Louisiana"
CERN,Cerner,Health Care,Health Care Distributors & Services,"North Kansas City, Missouri"
CF,CF Industries Holdings Inc,Materials,Fertilizers & Agricultural Chemicals,"Deerfield, Illinois"
SCHW,Charles Schwab Corporation,Financials,Diversified Financial Services,"San Francisco, California"
CHK,Chesapeake Energy,Energy,Integrated Oil & Gas,"Oklahoma City, Oklahoma"
CVX,Chevron Corp.,Energy,Integrated Oil & Gas,"San Ramon, California"
CMG,Chipotle Mexican Grill,Consumer Discretionary,Restaurants,"Denver, Colorado"
CB,Chubb Corp.,Financials,Property & Casualty Insurance,"Warren, New Jersey"
CI,CIGNA Corp.,Health Care,Managed Health Care,"Philadelphia, Pennsylvania"
XEC,Cimarex Energy,Energy,Oil & Gas Exploration & Production,"Denver, Colorado"
CINF,Cincinnati Financial,Financials,Property & Casualty Insurance,"Fairfield, Ohio"
CTAS,Cintas Corporation,Industrials,Diversified Commercial Services,"Mason, Ohio"
CSCO,Cisco Systems,Information Technology,Networking Equipment,"San Jose, California"
C,Citigroup Inc.,Financials,Banks,"New York, New York"
CTXS,Citrix Systems,Information Technology,Internet Software & Services,"Fort Lauderdale, Florida"
CLX,The Clorox Company,Consumer Staples,Household Products,"Oakland, California"
CME,CME Group Inc.,Financials,Diversified Financial Services,"Chicago, Illinois"
CMS,CMS Energy,Utilities,Multi-Utilities & Unregulated Power,"Jackson, Michigan"
COH,Coach Inc.,Consumer Discretionary,"Apparel, Accessories & Luxury Goods","New York, New York"
KO,The Coca Cola Company,Consumer Staples,Soft Drinks,"Atlanta, Georgia"
CCE,Coca-Cola Enterprises,Consumer Staples,Soft Drinks,"Atlanta, Georgia"
CTSH,Cognizant Technology Solutions,Information Technology,IT Consulting & Services,"Teaneck, New Jersey"
CL,Colgate-Palmolive,Consumer Staples,Household Products,"New York, New York"
CMCSA,Comcast Corp.,Consumer Discretionary,Broadcasting & Cable TV,"Philadelphia, Pennsylvania"
CMA,Comerica Inc.,Financials,Banks,"Dallas, Texas"
CSC,Computer Sciences Corp.,Information Technology,IT Consulting & Services,"Falls Church, Virginia"
CAG,ConAgra Foods Inc.,Consumer Staples,Packaged Foods & Meats,"Omaha, Nebraska"
COP,ConocoPhillips,Energy,Oil & Gas Exploration & Production,"Houston, Texas"
CNX,CONSOL Energy Inc.,Energy,Coal & Consumable Fuels,"Cecil Township, Pennsylvania"
ED,Consolidated Edison,Utilities,Multi-Utilities & Unregulated Power,"New York, New York"
STZ,Constellation Brands,Consumer Staples,Distillers & Vintners,"Victor, New York"
GLW,Corning Inc.,Industrials,Construction & Engineering,"Corning, New York"
COST,Costco Co.,Consumer Staples,Hypermarkets & Super Centers,"Issaquah, Washington"
COV,Covidien plc,Health Care,Health Care Equipment & Services,"Dublin, Ireland"
CCI,Crown Castle International Corp.,Financials,REITs,"Houston, Texas"
CSX,CSX Corp.,Industrials,Railroads,"Jacksonville, Florida"
CMI,Cummins Inc.,Industrials,Industrial Machinery,"Columbus, Indiana"
CVS,CVS Caremark Corp.,Consumer Staples,Drug Retail,"Woonsocket, Rhode Island"
DHI,D. R. Horton,Consumer Discretionary,Construction,"Fort Worth, Texas"
DHR,Danaher Corp.,Industrials,Industrial Machinery,Washington D.C
DRI,Darden Restaurants,Consumer Discretionary,Restaurants,"Orlando, Florida"
DVA,DaVita Inc.,Health Care,Health Care Facilities,"Denver, Colorado"
DE,Deere & Co.,Industrials,Construction & Farm Machinery & Heavy Trucks,"Moline, Illinois"
DLPH,Delphi Automotive,Consumer Discretionary,Auto Parts & Equipment,"Gillingham, Kent,?nited Kingdom"
DAL,Delta Air Lines,Industrials,Airlines,"Atlanta, Georgia"
DNR,Denbury Resources Inc.,Energy,Oil & Gas Exploration & Production,"Plano, Texas"
XRAY,Dentsply International,Health Care,Health Care Supplies,"York, Pennsylvania"
DVN,Devon Energy Corp.,Energy,Oil & Gas Exploration & Production,"Oklahoma City, Oklahoma"
DO,Diamond Offshore Drilling,Energy,Oil & Gas Drilling,"Houston, Texas"
DTV,DirecTV,Consumer Discretionary,Broadcasting & Cable TV,"El Segundo, California"
DFS,Discover Financial Services,Financials,Consumer Finance,"Riverwoods, Illinois"
DISCA,Discovery Communications-A,Consumer Discretionary,Broadcasting & Cable TV,"Silver Spring, Maryland"
DISCK,Discovery Communications-C,Consumer Discretionary,Broadcasting & Cable TV,"Silver Spring, Maryland"
DG,Dollar General,Consumer Discretionary,General Merchandise Stores,"Goodlettsville, Tennessee"
DLTR,Dollar Tree,Consumer Discretionary,General Merchandise Stores,"Chesapeake, Virginia"
D,Dominion Resources,Utilities,Multi-Utilities & Unregulated Power,"Richmond, Virginia"
DOV,Dover Corp.,Industrials,Industrial Machinery,"Downers Grove, Illinois"
DOW,Dow Chemical,Materials,Diversified Chemicals,"Midland, Michigan"
DPS,Dr Pepper Snapple Group,Consumer Staples,Soft Drinks,"Plano, Texas"
DTE,DTE Energy Co.,Utilities,Multi-Utilities & Unregulated Power,"Detroit, Michigan"
DD,Du Pont (E.I.),Materials,Diversified Chemicals,"Wilmington, Delaware"
DUK,Duke Energy,Utilities,Electric Utilities,"Charlotte, North Carolina"
DNB,Dun & Bradstreet,Industrials,Data Processing Services,"Short Hills, New Jersey"
ETFC,E-Trade,Financials,Diversified Financial Services,"New York, New York"
EMN,Eastman Chemical,Materials,Diversified Chemicals,"Kingsport, Tennessee"
ETN,Eaton Corporation,Industrials,Industrial Conglomerates,"Dublin, Ireland"
EBAY,eBay Inc.,Information Technology,Internet Software & Services,"San Jose, California"
ECL,Ecolab Inc.,Materials,Specialty Chemicals,"St. Paul, Minnesota"
EIX,Edison Int'l,Utilities,Multi-Utilities & Unregulated Power,"Rosemead, California"
EW,Edwards Lifesciences,Health Care,Health Care Equipment & Services,"Irvine, California"
EA,Electronic Arts,Information Technology,Application Software,"Redwood City, California"
EMC,EMC Corp.,Information Technology,IT Consulting & Services,"Hopkinton, Massachusetts"
EMR,Emerson Electric,Industrials,Industrial Conglomerates,"Ferguson, Missouri"
ESV,Ensco plc,Energy,Oil & Gas Drilling,"London, United Kingdom"
ETR,Entergy Corp.,Utilities,Electric Utilities,"New Orleans, Louisiana"
EOG,EOG Resources,Energy,Oil & Gas Exploration & Production,"Houston, Texas"
EQT,EQT Corporation,Energy,Oil & Gas Exploration & Production,"Pittsburgh, Pennsylvania"
EFX,Equifax Inc.,Financials,Diversified Financial Services,"Atlanta, Georgia"
EQR,Equity Residential,Financials,REITs,"Chicago, Illinois"
ESS,Essex Property Trust Inc,Financials,Residential REITs,"Palo Alto, California"
EL,Estee Lauder Cos.,Consumer Staples,Personal Products,"New York, New York"
EXC,Exelon Corp.,Utilities,Multi-Utilities & Unregulated Power,"Chicago, Illinois"
EXPE,Expedia Inc.,Consumer Discretionary,"Hotels, Resorts & Cruise Lines","Bellevue, Washington"
EXPD,Expeditors Int'l,Industrials,Air Freight & Logistics,"Seattle, Washington"
ESRX,Express Scripts,Health Care,Health Care Distributors & Services,"Cool Valley, Missouri"
XOM,Exxon Mobil Corp.,Energy,Integrated Oil & Gas,"Irving, Texas"
FFIV,F5 Networks,Information Technology,Networking Equipment,"Seattle, Washington"
FB,Facebook,Information Technology,Internet Software & Services,"Menlo Park, California"
FDO,Family Dollar Stores,Consumer Discretionary,General Merchandise Stores,"Matthews, North Carolina"
FAST,Fastenal Co,Industrials,Building Products,"Winona, Minnesota"
FDX,FedEx Corporation,Industrials,Air Freight & Logistics,"Memphis, Tennessee"
FIS,Fidelity National Information Services,Information Technology,Internet Software & Services,"Jacksonville, Florida"
FITB,Fifth Third Bancorp,Financials,Banks,"Cincinnati, Ohio"
FSLR,First Solar Inc,Energy,Heavy Electrical Equipment,"Tempe, Arizona"
FE,FirstEnergy Corp,Utilities,Multi-Utilities & Unregulated Power,"Akron, Ohio"
FISV,Fiserv Inc,Information Technology,Internet Software & Services,"Brookfield, Wisconsin"
FLIR,FLIR Systems,Industrials,Aerospace & Defense,"Wilsonville, Oregon"
FLS,Flowserve Corporation,Industrials,Industrial Machinery,"Irving, Texas"
FLR,Fluor Corp.,Industrials,Diversified Commercial Services,"Irving, Texas"
FMC,FMC Corporation,Materials,Diversified Chemicals,"Philadelphia, Pennsylvania"
FTI,FMC Technologies Inc.,Energy,Oil & Gas Equipment & Services,"Houston, Texas"
F,Ford Motor,Consumer Discretionary,Automobile Manufacturers,"Dearborn, Michigan"
FOSL,"Fossil, Inc.",Consumer Discretionary,"Apparel, Accessories & Luxury Goods","Richardson, Texas"
BEN,Franklin Resources,Financials,Diversified Financial Services,"San Mateo, California"
FCX,Freeport-McMoran Cp & Gld,Materials,Diversified Metals & Mining,"Phoenix, Arizona"
FTR,Frontier Communications,Telecommunications Services,Integrated Telecommunications Services,"Stamford, Connecticut"
GME,GameStop Corp.,Consumer Discretionary,Specialty Stores,"Grapevine, Texas"
GCI,Gannett Co.,Consumer Discretionary,Publishing,"McLean, Virginia"
GPS,Gap (The),Consumer Discretionary,Apparel Retail,"San Francisco, California"
GRMN,Garmin Ltd.,Consumer Discretionary,Consumer Electronics,"Schaffhausen, Switzerland"
GD,General Dynamics,Industrials,Aerospace & Defense,"Falls Church, Virginia"
GE,General Electric,Industrials,Industrial Conglomerates,"Fairfield, Connecticut"
GGP,General Growth Properties Inc.,Financials,REITs,"Chicago, Illinois"
GIS,General Mills,Consumer Staples,Packaged Foods & Meats,"Golden Valley, Minnesota"
GM,General Motors,Consumer Discretionary,Automobile Manufacturers,"Detroit, Michigan"
GPC,Genuine Parts,Consumer Discretionary,Specialty Stores,"Atlanta, Georgia"
GNW,Genworth Financial Inc.,Financials,Life & Health Insurance,"Richmond, Virginia"
GILD,Gilead Sciences,Health Care,Biotechnology,"Foster City, California"
GS,Goldman Sachs Group,Financials,Diversified Financial Services,"New York, New York"
GT,Goodyear Tire & Rubber,Consumer Discretionary,Tires & Rubber,"Akron, Ohio"
GOOGL,Google Inc Class A,Information Technology,Internet Software & Services,"Mountain View, California"
GOOG,Google Inc Class C,Information Technology,Internet Software & Services,"Mountain View, California"
GWW,Grainger (W.W.) Inc.,Industrials,Industrial Materials,"Lake Forest, Illinois"
HAL,Halliburton Co.,Energy,Oil & Gas Equipment & Services,"Houston, Texas"
HOG,Harley-Davidson,Consumer Discretionary,Motorcycle Manufacturers,"Milwaukee, Wisconsin"
HAR,Harman Int'l Industries,Consumer Discretionary,Consumer Electronics,"Stamford, Connecticut"
HRS,Harris Corporation,Information Technology,Telecommunications Equipment,"Melbourne, Florida"
HIG,Hartford Financial Svc.Gp.,Financials,Property & Casualty Insurance,"Hartford, Connecticut"
HAS,Hasbro Inc.,Consumer Discretionary,Leisure Products,"Pawtucket, Rhode Island"
HCP,HCP Inc.,Financials,REITs,"Long Beach, California"
HCN,"Health Care REIT, Inc.",Financials,REITs,"Toledo, Ohio[4]"
HP,Helmerich & Payne,Energy,Oil & Gas Drilling,"Tulsa, Oklahoma[5]"
HES,Hess Corporation,Energy,Integrated Oil & Gas,"New York, New York"
HPQ,Hewlett-Packard,Information Technology,Computer Hardware,"Palo Alto, California"
HD,Home Depot,Consumer Discretionary,Home Improvement Retail,"Cobb County, Georgia"
HON,Honeywell Int'l Inc.,Industrials,Industrial Conglomerates,"Morristown, New Jersey"
HRL,Hormel Foods Corp.,Consumer Staples,Packaged Foods & Meats,"Austin, Minnesota"
HSP,Hospira Inc.,Health Care,Health Care Equipment & Services,"Lake Forest, Illinois"
HST,Host Hotels & Resorts,Financials,REITs,"Bethesda, Maryland"
HCBK,Hudson City Bancorp,Financials,Banks,"Paramus, New Jersey"
HUM,Humana Inc.,Health Care,Managed Health Care,"Louisville, Kentucky"
HBAN,Huntington Bancshares,Financials,Banks,"Columbus, Ohio"
ITW,Illinois Tool Works,Industrials,Industrial Machinery,"Glenview, Illinois"
IR,Ingersoll-Rand PLC,Industrials,Industrial Conglomerates,"Dublin, Ireland"
TEG,Integrys Energy Group Inc.,Utilities,Gas Utilities,"Chicago, Illinois"
INTC,Intel Corp.,Information Technology,Semiconductors,"Santa Clara, California"
ICE,IntercontinentalExchange Inc.,Financials,Diversified Financial Services,"Atlanta, Georgia"
IBM,International Bus. Machines,Information Technology,IT Consulting & Services,"Armonk, New York"
IP,International Paper,Materials,Paper Products,"Memphis, Tennessee"
IPG,Interpublic Group,Consumer Discretionary,Advertising,"New York, New York"
IFF,Intl Flavors & Fragrances,Materials,Specialty Chemicals,"New York, New York"
INTU,Intuit Inc.,Information Technology,Internet Software & Services,"Mountain View, California"
ISRG,Intuitive Surgical Inc.,Health Care,Health Care Equipment & Services,"Sunnyvale, California"
IVZ,Invesco Ltd.,Financials,Diversified Financial Services,"Atlanta, Georgia"
IRM,Iron Mountain Incorporated,Industrials,Data Processing Services,"Boston, Massachusetts"
JEC,Jacobs Engineering Group,Industrials,Industrial Conglomerates,"Pasadena, California"
JNJ,Johnson & Johnson,Health Care,Health Care Equipment & Services,"New Brunswick, New Jersey"
JCI,Johnson Controls,Consumer Discretionary,Auto Parts & Equipment,"Milwaukee, Wisconsin"
JOY,Joy Global Inc.,Industrials,Industrial Machinery,"Milwaukee, Wisconsin"
JPM,JPMorgan Chase & Co.,Financials,Banks,"New York, New York"
JNPR,Juniper Networks,Information Technology,Networking Equipment,"Sunnyvale, California"
KSU,Kansas City Southern,Industrials,Railroads,"Kansas City, Missouri"
K,Kellogg Co.,Consumer Staples,Packaged Foods & Meats,"Battle Creek, Michigan"
KEY,KeyCorp,Financials,Banks,"Cleveland, Ohio"
GMCR,Keurig Green Mountain,Consumer Staples,Packaged Foods & Meats,"Waterbury, Vermont"
KMB,Kimberly-Clark,Consumer Staples,Household Products,"Irving, Texas"
KIM,Kimco Realty,Financials,REITs,"New Hyde Park, New York"
KMI,Kinder Morgan,Energy,Oil & Gas Refining & Marketing & Transportation,"Houston, Texas"
KLAC,KLA-Tencor Corp.,Information Technology,Semiconductor Equipment,"Milpitas, California"
KSS,Kohl's Corp.,Consumer Discretionary,General Merchandise Stores,"Menomonee Falls, Wisconsin"
KRFT,Kraft Foods Group,Consumer Staples,Packaged Foods & Meats,"Northfield, Illinois"
KR,Kroger Co.,Consumer Staples,Food Retail,"Cincinnati, Ohio"
LB,L Brands Inc.,Consumer Discretionary,Apparel Retail,"Columbus, Ohio"
LLL,L-3 Communications Holdings,Industrials,Industrial Conglomerates,"New York, New York"
LH,Laboratory Corp. of America Holding,Health Care,Health Care Facilities,"Burlington, North Carolina"
LRCX,Lam Research,Information Technology,Semiconductor Equipment,"Fremont, California"
LM,Legg Mason,Financials,Diversified Financial Services,"Baltimore, Maryland"
LEG,Leggett & Platt,Industrials,Industrial Conglomerates,"Carthage, Missouri"
LEN,Lennar Corp.,Consumer Discretionary,Homebuilding,"Miami, Florida"
LVLT,Level 3 Communications,Telecommunications Services,Alternative Carriers,"Broomfield, Colorado"
LUK,Leucadia National Corp.,Financials,Multi-Sector Holdings,"New York, New York"
LLY,Lilly (Eli) & Co.,Health Care,Pharmaceuticals,"Indianapolis, Indiana"
LNC,Lincoln National,Financials,Multi-line Insurance,"Radnor, Pennsylvania"
LLTC,Linear Technology Corp.,Information Technology,Semiconductors,"Milpitas, California"
LMT,Lockheed Martin Corp.,Industrials,Aerospace & Defense,"Bethesda, Maryland"
L,Loews Corp.,Financials,Multi-Sector Holdings,"New York, New York"
LO,Lorillard Inc.,Consumer Staples,Tobacco,"Greensboro, North Carolina"
LOW,Lowe's Cos.,Consumer Discretionary,Home Improvement Retail,"Mooresville, North Carolina"
LYB,LyondellBasell,Materials,Diversified Chemicals,"Rotterdam, Netherlands"
MTB,M&T Bank Corp.,Financials,Banks,"Buffalo, New York"
MAC,Macerich,Financials,Retail REITs,"Santa Monica, California"
M,Macy's Inc.,Consumer Discretionary,Department Stores,"Cincinnati, Ohio"
MMM,3M Company,Industrials,Industrial Conglomerates,"St. Paul, Minnesota"
MNK,Mallinckrodt plc,Health Care,Pharmaceuticals,"Dublin, Ireland"
MRO,Marathon Oil Corp.,Energy,Oil & Gas Exploration & Production,"Houston, Texas"
MPC,Marathon Petroleum,Energy,Oil & Gas Refining & Marketing & Transportation,"Findlay, Ohio"
MAR,Marriott Int'l.,Consumer Discretionary,"Hotels, Resorts & Cruise Lines","Bethesda, Maryland"
MMC,Marsh & McLennan,Financials,Insurance Brokers,"New York, New York"
MAS,Masco Corp.,Industrials,Building Products,"Taylor, Michigan"
MA,Mastercard Inc.,Information Technology,Internet Software & Services,"Harrison, New York"
MAT,Mattel Inc.,Consumer Discretionary,Leisure Products,"El Segundo, California"
MKC,McCormick & Co.,Consumer Staples,Packaged Foods & Meats,"Sparks, Maryland"
MCD,McDonald's Corp.,Consumer Discretionary,Restaurants,"Oak Brook, Illinois"
MHFI,McGraw Hill Financial,Financials,Diversified Financial Services,"New York, New York"
MCK,McKesson Corp.,Health Care,Health Care Distributors & Services,"San Francisco, California"
MJN,Mead Johnson,Consumer Staples,Packaged Foods & Meats,"Glenview, Illinois"
MWV,MeadWestvaco Corporation,Materials,Paper Packaging,"Richmond, Virginia"
MDT,Medtronic Inc.,Health Care,Health Care Equipment & Services,"Fridley, Minnesota"
MRK,Merck & Co.,Health Care,Pharmaceuticals,"Whitehouse Station, New Jersey"
MET,MetLife Inc.,Financials,Life & Health Insurance,"New York, New York"
MCHP,Microchip Technology,Information Technology,Semiconductors,"Chandler, Arizona"
MU,Micron Technology,Information Technology,Semiconductors,"Boise, Idaho"
MSFT,Microsoft Corp.,Information Technology,Systems Software,"Redmond, Washington"
MHK,Mohawk Industries,Consumer Discretionary,Home Furnishings,"Amsterdam, New York"
TAP,Molson Coors Brewing Company,Consumer Staples,Brewers,"Denver, Colorado"
MDLZ,Mondelez International,Consumer Staples,Packaged Foods & Meats,"Northfield, Illinois"
MON,Monsanto Co.,Materials,Fertilizers & Agricultural Chemicals,"Creve Coeur, Missouri"
MNST,Monster Beverage,Consumer Staples,Soft Drinks,"Corona, California"
MCO,Moody's Corp,Financials,Diversified Financial Services,"New York, New York"
MS,Morgan Stanley,Financials,Diversified Financial Services,"New York, New York"
MOS,The Mosaic Company,Materials,Fertilizers & Agricultural Chemicals,"Plymouth, Minnesota"
MSI,Motorola Solutions Inc.,Information Technology,Telecommunications Equipment,"Schaumburg, Illinois"
MUR,Murphy Oil,Energy,Integrated Oil & Gas,"El Dorado, Arkansas"
MYL,Mylan Inc.,Health Care,Pharmaceuticals,"Canonsburg, Pennsylvania"
NBR,Nabors Industries Ltd.,Energy,Oil & Gas Drilling,"Hamilton, Bermuda"
NDAQ,NASDAQ OMX Group,Financials,Diversified Financial Services,"New York, New York"
NOV,National Oilwell Varco Inc.,Energy,Oil & Gas Equipment & Services,"Houston, Texas"
NAVI,Navient Corp,Financials,Consumer Finance,"Newark, Delaware"
NTAP,NetApp,Information Technology,Internet Software & Services,"Sunnyvale, California"
NFLX,Netflix Inc.,Information Technology,Internet Software & Services,"Los Gatos, California"
NWL,Newell Rubbermaid Co.,Consumer Discretionary,Housewares & Specialties,"Sandy Springs, Georgia"
NFX,Newfield Exploration Co,Energy,Oil & Gas Exploration & Production,"Houston, Texas"
NEM,Newmont Mining Corp. (Hldg. Co.),Materials,Gold,"Denver, Colorado"
NWSA,News Corporation,Consumer Discretionary,Publishing,"New York, New York"
NEE,NextEra Energy,Utilities,Multi-Utilities & Unregulated Power,"Juno Beach, Florida"
NLSN,Nielsen Holdings,Industrials,Research & Consulting Services,"New York, New York"
NKE,NIKE Inc.,Consumer Discretionary,"Apparel, Accessories & Luxury Goods","Washington County, Oregon"
NI,NiSource Inc.,Utilities,Multi-Utilities & Unregulated Power,"Merrillville, Indiana"
NE,Noble Corp,Energy,Oil & Gas Drilling,"Geneva, Switzerland"
NBL,Noble Energy Inc,Energy,Oil & Gas Exploration & Production,"Houston, Texas"
JWN,Nordstrom,Consumer Discretionary,Department Stores,"Seattle, Washington"
NSC,Norfolk Southern Corp.,Industrials,Railroads,"Norfolk, Virginia"
NTRS,Northern Trust Corp.,Financials,Diversified Financial Services,"Chicago, Illinois"
NOC,Northrop Grumman Corp.,Industrials,Aerospace & Defense,"West Falls Church, Virginia"
NU,Northeast Utilities,Utilities,Multi-Utilities & Unregulated Power,"Berlin, Connecticut"
NRG,NRG Energy,Utilities,Multi-Utilities & Unregulated Power,"Princeton, New Jersey"
NUE,Nucor Corp.,Materials,Steel,"Charlotte, North Carolina"
NVDA,Nvidia Corporation,Information Technology,Semiconductors,"Santa Clara, California"
KORS,Michael Kors,Consumer Discretionary,"Apparel, Accessories & Luxury Goods","New York, New York"
ORLY,O'Reilly Automotive,Consumer Discretionary,Specialty Stores,"Springfield, Missouri"
OXY,Occidental Petroleum,Energy,Oil & Gas Exploration & Production,"Los Angeles, California"
OMC,Omnicom Group,Consumer Discretionary,Advertising,"New York, New York"
OKE,ONEOK,Energy,Oil & Gas Exploration & Production,"Tulsa, Oklahoma"
ORCL,Oracle Corp.,Information Technology,Application Software,"Redwood Shores, California"
OI,Owens-Illinois Inc,Materials,Metal & Glass Containers,"Perrysburg, Ohio"
PCG,P G & E Corp.,Utilities,Multi-Utilities & Unregulated Power,"San Francisco, California"
PCAR,PACCAR Inc.,Industrials,Construction & Farm Machinery & Heavy Trucks,"Bellevue, Washington"
PLL,Pall Corp.,Industrials,Industrial Conglomerates,"Port Washington, New York"
PH,Parker-Hannifin,Industrials,Industrial Conglomerates,"Cleveland, Ohio"
PDCO,Patterson Companies,Health Care,Health Care Supplies,"St. Paul, Minnesota"
PAYX,Paychex Inc.,Information Technology,Internet Software & Services,"Penfield, New York"
PNR,Pentair Ltd.,Industrials,Industrial Conglomerates,"Schaffhausen, Switzerland"
PBCT,People's United Bank,Financials,Banks,"Bridgeport, Connecticut"
POM,Pepco Holdings Inc.,Utilities,Multi-Utilities & Unregulated Power,Washington D.C
PEP,PepsiCo Inc.,Consumer Staples,Soft Drinks,"Purchase, New York"
PKI,PerkinElmer,Health Care,Health Care Equipment & Services,"Waltham, Massachusetts"
PRGO,Perrigo,Health Care,Pharmaceuticals,"Dublin, Ireland"
PETM,"PetSmart, Inc.",Consumer Discretionary,Specialty Stores,"Phoenix, Arizona"
PFE,Pfizer Inc.,Health Care,Pharmaceuticals,"New York, New York"
PM,Philip Morris International,Consumer Staples,Tobacco,"New York, New York"
PSX,Phillips 66,Energy,Oil & Gas Refining & Marketing & Transportation,"Houston, Texas"
PNW,Pinnacle West Capital,Utilities,Multi-Utilities & Unregulated Power,"Phoenix, Arizona"
PXD,Pioneer Natural Resources,Energy,Oil & Gas Exploration & Production,"Irving, Texas"
PBI,Pitney-Bowes,Industrials,Office Services & Supplies,"Stamford, Connecticut"
PCL,Plum Creek Timber Co.,Financials,REITs,"Seattle, Washington"
PNC,PNC Financial Services,Financials,Banks,"Pittsburgh, Pennsylvania"
RL,Polo Ralph Lauren Corp.,Consumer Discretionary,"Apparel, Accessories & Luxury Goods","New York, New York"
PPG,PPG Industries,Materials,Diversified Chemicals,"Pittsburgh, Pennsylvania"
PPL,PPL Corp.,Utilities,Multi-Utilities & Unregulated Power,"Allentown, Pennsylvania"
PX,Praxair Inc.,Materials,Industrial Gases,"Danbury, Connecticut"
PCP,Precision Castparts,Industrials,Industrial Conglomerates,"Portland, Oregon"
PCLN,Priceline.com Inc,Consumer Discretionary,"Hotels, Resorts & Cruise Lines","Norwalk, Connecticut"
PFG,Principal Financial Group,Financials,Diversified Financial Services,"Des Moines, Iowa"
PG,Procter & Gamble,Consumer Staples,Personal Products,"Cincinnati, Ohio"
PGR,Progressive Corp.,Financials,Property & Casualty Insurance,"Mayfield Village, Ohio"
PLD,Prologis,Financials,Diversified Financial Services,"San Francisco, California"
PRU,Prudential Financial,Financials,Diversified Financial Services,"Newark, New Jersey"
PEG,Public Serv. Enterprise Inc.,Utilities,Multi-Utilities & Unregulated Power,"Newark, New Jersey"
PSA,Public Storage,Financials,REITs,"Glendale, California"
PHM,Pulte Homes Inc.,Consumer Discretionary,Homebuilding,"Bloomfield Hills, Michigan"
PVH,PVH Corp.,Consumer Discretionary,"Apparel, Accessories & Luxury Goods","New York, New York"
QEP,QEP Resources,Energy,Oil & Gas Exploration & Production,"Denver, Colorado[7]"
PWR,Quanta Services Inc.,Industrials,Industrial Conglomerates,"Houston, Texas"
QCOM,QUALCOMM Inc.,Information Technology,Semiconductors,"San Diego, California"
DGX,Quest Diagnostics,Health Care,Health Care Facilities,"Madison, New Jersey"
RRC,Range Resources Corp.,Energy,Oil & Gas Exploration & Production,"Fort Worth, Texas"
RTN,Raytheon Co.,Industrials,Aerospace & Defense,"Waltham, Massachusetts"
RHT,Red Hat Inc.,Information Technology,Systems Software,"Raleigh, North Carolina"
REGN,Regeneron,Health Care,Biotechnology,"Tarrytown, New York"
RF,Regions Financial Corp.,Financials,Diversified Financial Services,"Birmingham, Alabama"
RSG,Republic Services Inc,Industrials,Industrial Conglomerates,"Phoenix, Arizona"
RAI,Reynolds American Inc.,Consumer Staples,Tobacco,"Winston-Salem, North Carolina"
RHI,Robert Half International,Industrials,Industrial Conglomerates,"Menlo Park, California"
ROK,Rockwell Automation Inc.,Industrials,Industrial Conglomerates,"Milwaukee, Wisconsin"
COL,Rockwell Collins,Industrials,Industrial Conglomerates,"Cedar Rapids, Iowa"
ROP,Roper Industries,Industrials,Industrial Conglomerates,"Sarasota, Florida"
ROST,Ross Stores,Consumer Discretionary,Apparel Retail,"Pleasanton, California"
R,Ryder System,Industrials,Industrial Conglomerates,"Miami, Florida"
SWY,Safeway Inc.,Consumer Staples,Food Retail,"Pleasanton, California"
CRM,Salesforce.com,Information Technology,Internet Software & Services,"San Francisco, California"
SNDK,SanDisk Corporation,Information Technology,Computer Storage & Peripherals,"Milpitas, California"
SCG,SCANA Corp,Utilities,Multi-Utilities & Unregulated Power,"Cayce, South Carolina"
SLB,Schlumberger Ltd.,Energy,Oil & Gas Equipment & Services,"Houston, Texas"
SNI,Scripps Networks Interactive Inc.,Consumer Discretionary,Broadcasting & Cable TV,"Cincinnati, Ohio"
STX,Seagate Technology,Information Technology,Computer Storage & Peripherals,"Dublin, Ireland"
SEE,Sealed Air Corp.(New),Materials,Paper Packaging,"Elmwood Park, New Jersey"
SRE,Sempra Energy,Utilities,Multi-Utilities & Unregulated Power,"San Diego, California"
SHW,Sherwin-Williams,Materials,Specialty Chemicals,"Cleveland, Ohio"
SIAL,Sigma-Aldrich,Materials,Diversified Chemicals,"St. Louis, Missouri"
SPG,Simon Property Group Inc,Financials,REITs,"Indianapolis, Indiana"
SJM,Smucker (J.M.),Consumer Staples,Packaged Foods & Meats,"Orrville, Ohio"
SNA,Snap-On Inc.,Consumer Discretionary,Household Appliances,"Kenosha, Wisconsin"
SO,Southern Co.,Utilities,Multi-Utilities & Unregulated Power,"Atlanta, Georgia"
LUV,Southwest Airlines,Industrials,Airlines,"Dallas, Texas"
SWN,Southwestern Energy,Energy,Oil & Gas Exploration & Production,"Houston, Texas[8]"
SE,Spectra Energy Corp.,Energy,Oil & Gas Refining & Marketing & Transportation,"Houston, Texas"
STJ,St Jude Medical,Health Care,Health Care Equipment & Services,"Little Canada, Minnesota"
SWK,Stanley Black & Decker,Consumer Discretionary,Household Appliances,"New Britain, Connecticut"
SPLS,Staples Inc.,Consumer Discretionary,Specialty Stores,"Framingham, Massachusetts"
SBUX,Starbucks Corp.,Consumer Discretionary,Restaurants,"Seattle, Washington"
HOT,Starwood Hotels & Resorts,Consumer Discretionary,"Hotels, Resorts & Cruise Lines","White Plains, New York"
STT,State Street Corp.,Financials,Diversified Financial Services,"Boston, Massachusetts"
SRCL,Stericycle Inc,Industrials,Industrial Conglomerates,"Lake Forest, Illinois"
SYK,Stryker Corp.,Health Care,Health Care Equipment & Services,"Kalamazoo, Michigan"
STI,SunTrust Banks,Financials,Banks,"Atlanta, Georgia"
SYMC,Symantec Corp.,Information Technology,Application Software,"Mountain View, California"
SYY,Sysco Corp.,Consumer Staples,Food Distributors,"Houston, Texas"
TROW,T. Rowe Price Group,Financials,Diversified Financial Services,"Baltimore, Maryland"
TGT,Target Corp.,Consumer Discretionary,General Merchandise Stores,"Minneapolis, Minnesota"
TEL,TE Connectivity Ltd.,Information Technology,Electronic Equipment & Instruments,"Schaffhausen, Switzerland"
TE,TECO Energy,Utilities,Multi-Utilities & Unregulated Power,"Tampa, Florida"
THC,Tenet Healthcare Corp.,Health Care,Health Care Facilities,"Dallas, Texas"
TDC,Teradata Corp.,Information Technology,Application Software,"Miamisburg, Ohio"
TSO,Tesoro Petroleum Co.,Energy,Oil & Gas Refining & Marketing & Transportation,"San Antonio, Texas"
TXN,Texas Instruments,Information Technology,Semiconductors,"Dallas, Texas"
TXT,Textron Inc.,Industrials,Industrial Conglomerates,"Providence, Rhode Island"
HSY,The Hershey Company,Consumer Staples,Packaged Foods & Meats,"Hershey, Pennsylvania"
TRV,The Travelers Companies Inc.,Financials,Property & Casualty Insurance,"New York, New York"
TMO,Thermo Fisher Scientific,Health Care,Health Care Equipment & Services,"Waltham, Massachusetts"
TIF,Tiffany & Co.,Consumer Discretionary,"Apparel, Accessories & Luxury Goods","New York, New York"
TWX,Time Warner Inc.,Consumer Discretionary,Broadcasting & Cable TV,"New York, New York"
TWC,Time Warner Cable Inc.,Consumer Discretionary,Broadcasting & Cable TV,"New York, New York"
TJX,TJX Companies Inc.,Consumer Discretionary,Apparel Retail,"Framingham, Massachusetts"
TMK,Torchmark Corp.,Financials,Life & Health Insurance,"McKinney, Texas"
TSS,Total System Services,Information Technology,Internet Software & Services,"Columbus, Georgia"
TSCO,Tractor Supply Company,Consumer Discretionary,Specialty Retail,"Brentwood, Tennessee"
RIG,Transocean,Energy,Oil & Gas Drilling,"Vernier, Switzerland"
TRIP,TripAdvisor,Consumer Discretionary,Internet Retail,"Newton, Massachusetts"
FOXA,Twenty-First Century Fox,Consumer Discretionary,Publishing,"New York, New York"
TSN,Tyson Foods,Consumer Staples,Packaged Foods & Meats,"Springdale, Arkansas"
TYC,Tyco International,Industrials,Industrial Conglomerates,"Schaffhausen, Switzerland"
USB,U.S. Bancorp,Financials,Banks,"Minneapolis, Minnesota"
UA,Under Armour,Consumer Discretionary,"Apparel, Accessories & Luxury Goods","Baltimore, Maryland"
UNP,Union Pacific,Industrials,Railroads,"Omaha, Nebraska"
UNH,United Health Group Inc.,Health Care,Managed Health Care,"Minnetonka, Minnesota"
UPS,United Parcel Service,Industrials,Air Freight & Logistics,"Atlanta, Georgia"
MLM,Martin Marietta Materials,Materials,Construction Materials,"Raleigh, North Carolina"
URI,"United Rentals, Inc.",Industrials,Trading Companies & Distributors,"Stamford, Connecticut"
UTX,United Technologies,Industrials,Industrial Conglomerates,"Hartford, Connecticut"
UHS,"Universal Health Services, Inc.",Health Care,Health Care Facilities,"King of Prussia, Pennsylvania"
UNM,Unum Group,Financials,Diversified Financial Services,"Chattanooga, Tennessee"
URBN,Urban Outfitters,Consumer Discretionary,Apparel Retail,"Philadelphia, Pennsylvania"
VFC,V.F. Corp.,Consumer Discretionary,"Apparel, Accessories & Luxury Goods","Greensboro, North Carolina"
VLO,Valero Energy,Energy,Oil & Gas Refining & Marketing & Transportation,"San Antonio, Texas"
VAR,Varian Medical Systems,Health Care,Health Care Equipment & Services,"Palo Alto, California"
VTR,Ventas Inc,Financials,Diversified Financial Services,"Chicago, Illinois"
VRSN,Verisign Inc.,Information Technology,Internet Software & Services,"Dulles, Virginia"
VZ,Verizon Communications,Telecommunications Services,Integrated Telecommunications Services,"New York, New York"
VRTX,Vertex Pharmaceuticals Inc,Health Care,Biotechnology,"Cambridge, Massachusetts"
VIAB,Viacom Inc.,Consumer Discretionary,Broadcasting & Cable TV,"New York, New York"
V,Visa Inc.,Information Technology,Internet Software & Services,"San Francisco, California"
VNO,Vornado Realty Trust,Financials,REITs,"New York, New York"
VMC,Vulcan Materials,Materials,Construction Materials,"Birmingham, Alabama"
WMT,Wal-Mart Stores,Consumer Staples,Hypermarkets & Super Centers,"Bentonville, Arkansas"
WAG,Walgreen Co.,Consumer Staples,Drug Retail,"Deerfield, Illinois"
DIS,The Walt Disney Company,Consumer Discretionary,Broadcasting & Cable TV,"Burbank, California"
WM,Waste Management Inc.,Industrials,Environmental Services,"Houston, Texas"
WAT,Waters Corporation,Health Care,Health Care Distributors & Services,"Milford, Massachusetts"
WLP,WellPoint Inc.,Health Care,Managed Health Care,"Indianapolis, Indiana"
WFC,Wells Fargo,Financials,Banks,"San Francisco, California"
WDC,Western Digital,Information Technology,Computer Storage & Peripherals,"Irvine, California"
WU,Western Union Co,Information Technology,Internet Software & Services,"Englewood, Colorado"
WY,Weyerhaeuser Corp.,Financials,REITs,"Federal Way, Washington"
WHR,Whirlpool Corp.,Consumer Discretionary,Household Appliances,"Benton Harbor, Michigan"
WFM,Whole Foods Market,Consumer Staples,Food Retail,"Austin, Texas"
WMB,Williams Cos.,Energy,Oil & Gas Exploration & Production,"Tulsa, Oklahoma"
WIN,Windstream Communications,Telecommunications Services,Integrated Telecommunications Services,"Little Rock, Arkansas"
WEC,Wisconsin Energy Corporation,Utilities,Multi-Utilities & Unregulated Power,"Milwaukee, Wisconsin"
WYN,Wyndham Worldwide,Consumer Discretionary,"Hotels, Resorts & Cruise Lines","Parsippany, New Jersey"
WYNN,Wynn Resorts Ltd,Consumer Discretionary,Casinos & Gaming,"Las Vegas, Nevada"
XEL,Xcel Energy Inc,Utilities,Multi-Utilities & Unregulated Power,"Minneapolis, Minnesota"
XRX,Xerox Corp.,Information Technology,IT Consulting & Services,"Norwalk, Connecticut"
XLNX,Xilinx Inc,Information Technology,Semiconductors,"San Jose, California"
XL,XL Capital,Financials,Property & Casualty Insurance,"Hamilton, Bermuda"
XYL,Xylem Inc.,Industrials,Industrial Conglomerates,"White Plains, New York"
YHOO,Yahoo Inc.,Information Technology,Internet Software & Services,"Sunnyvale, California"
YUM,Yum! Brands Inc,Consumer Discretionary,Restaurants,"Louisville, Kentucky"
ZMH,Zimmer Holdings,Health Care,Health Care Equipment & Services,"Warsaw, Indiana"
ZION,Zions Bancorp,Financials,Banks,"Salt Lake City, Utah"
ZTS,Zoetis,Health Care,Pharmaceuticals,"Florham Park, New Jersey"
